sdo,abod,hbos,iforest,knn,lof,ocsvm
0.04647305031388933,-187785.87019144912,0.8840231032674486,-0.12697206597955402,0.046525348436910946,0.998376397549483,0.6165851874701076
0.08115560762972249,-8618.98427485093,1.3916339993168845,-0.13367954314555403,0.09768534895042708,1.057701906461248,0.21775704375841087
0.08715982937750463,-112760.53313331194,0.8840231032674486,-0.14038610437372895,0.06232330905303144,0.9556197150183804,-1.2450744274120638
0.08185696674467088,-124776.68340615986,2.7469057616848143,-0.1165253557441398,0.05792233733367502,1.0140001590190957,0.9297786699100143
0.027417664940315903,-1810892692.9506474,0.8840231032674486,-0.1373749796628005,0.04293176805757832,0.9974350897542698,0.12331036214235525
0.07681506609934358,-116720.51530906714,0.8840231032674486,-0.12808653212514998,0.08307687537219118,0.9598410155174398,-0.9859799258063546
0.09903437380996198,-6362.471305985518,1.3916339993168845,-0.08511418646872149,0.106979528107803,1.1390561135535922,1.7856498388475046
0.08097710267893546,-44769.26406955725,1.3916339993168845,-0.12169218096842632,0.08625026563742726,1.0916146176894455,0.7776969145884252
0.058856137118780086,-212513.42942170572,0.8840231032674486,-0.1294486355968259,0.07867765799188754,1.0086137466150373,1.278317327458197
0.035690189858095266,-4544615.112745007,0.8840231032674486,-0.13839667985476117,0.04232653277244591,0.9876033770920336,0.04713616869477022
0.2071652539129458,-492.2222090653049,3.8844220582247058,-0.10383708705304823,0.15664242334306686,1.1029452415374466,-1.6591105896457634
0.06562141513828543,-45039.6463130021,0.8840231032674486,-0.10415014469620026,0.07024716636320727,0.9818041776217864,-0.1887116151380539
0.06732377271998466,-107861.11719131446,1.3916339993168845,-0.1195952365271325,0.09008741730974101,1.085107630294304,1.220379445584328
0.05951592881007458,-85905.25785839609,1.3916339993168845,-0.12649382848363072,0.09756534859880564,1.0807534094191282,0.9949309725396631
0.034286780978079495,-826391.4863774598,1.3916339993168845,-0.12585083585361012,0.08625026563742726,1.0800944659460798,-0.05674028395745978
0.050288127785575315,-38097.594587256426,0.8840231032674486,-0.12601447683717243,0.07005851284359953,0.9643859668954011,0.5896786684733684
0.06766480843956799,-86117.46890926054,0.8840231032674486,-0.1377229923035207,0.0722383181085338,0.9912912874755946,0.60761567909028
0.06304992332959822,-79182.24736392591,1.3916339993168845,-0.11812783595042115,0.08691568355569751,1.0903888525354382,0.5517942127005071
0.08304582184198343,-12556.348824728437,1.3916339993168845,-0.10720426758920326,0.10757294696134466,1.1033552030824751,-0.06995993151129198
0.19303261194955187,-324.51104020064594,1.3916339993168845,-0.05566521707838423,0.17475588521828106,1.2646544794242265,1.203137125198495
0.11889263814257858,-37580.408955966304,2.239294865635378,-0.10786305725030298,0.08846998095771129,0.9775388220734448,1.0307542258294475
0.10989138153456096,-149628.8527297537,0.8840231032674486,-0.14581739389171033,0.0925057756170432,1.0039231679600606,-1.4204493622155283
0.07632824322064106,-243022.28452843864,0.8840231032674486,-0.14067279786938125,0.08041816833274833,0.9773317353774114,0.24872425875522453
0.24594591113410932,-96.28924510570944,2.239294865635378,0.01114948105405722,0.19388416365125155,1.2364954364338747,5.590977672879099
0.034014888977404185,-1868953.401533893,0.8840231032674486,-0.132461611313953,0.04642075219086771,0.9965601503123855,0.1910436934246178
0.1712407180367362,-5720.028951408933,1.3916339993168845,-0.06682470698288179,0.16382891893164847,1.206682206928321,2.38667332223185
0.0932615942893405,-24701.78006054815,2.7469057616848143,-0.09225972308414532,0.09420088673609586,1.0997971720235087,2.0805987428391006
0.08334934772721148,-42572.52127893776,1.3916339993168845,-0.126052107573301,0.07881797793788933,1.025495881364698,0.7223863999924802
0.12659559792194783,-36569.32139330263,2.239294865635378,-0.10682764449403592,0.09317552286781842,0.9839535587206147,1.237811233633721
0.11229089474122798,-40073.2922011612,2.239294865635378,-0.10815305914733803,0.09443219485767582,0.9895784905454454,1.7142907056978416
0.13282987754051773,-4457.29133483619,2.239294865635378,-0.056789534021361,0.1283718965525642,1.0243328730095045,2.944511221742232
0.09147903907421824,-74729.22017766869,2.239294865635378,-0.11024930869402694,0.08212651986511664,0.9855857673860206,1.4754526936219818
0.10450667495395571,-615861.0545116006,2.7469057616848143,-0.104168017535825,0.07344834646783409,1.0493002669745557,1.7061177968444454
0.08593145053713339,-309690.2012354304,0.8840231032674486,-0.13576323784552663,0.0875670396461745,0.966946088034637,-1.4346654125575142
0.04449645365779403,-134126.56919017094,0.8840231032674486,-0.13355485210993162,0.05586599665224307,0.9960187719425607,1.0254570101337492
0.07108799124398085,-35171.578213776105,0.8840231032674486,-0.14346372383815842,0.07985267343493026,0.9602860338765243,-0.8537520224441764
0.03764797098009691,-930250.317761603,1.3916339993168845,-0.12422344597998713,0.0935425153123272,1.0825822704991659,-0.07417365183944469
0.07654910607844909,-31900.734353470034,0.8840231032674486,-0.14282568342669794,0.08334253374475972,0.9809998685559199,-7.933916575808553e-05
0.06556191570355539,-233152.55661341143,0.8840231032674486,-0.13811468804101967,0.0900369420358127,0.9710043405613291,0.3049491453913049
0.0750920432541952,-87060.5504962443,0.8840231032674486,-0.11016714858926668,0.07998153824428111,1.0056259898117157,1.706353880946189
0.10484575721471294,-12011.694973139956,1.3916339993168845,-0.13738553297934958,0.09195268414543935,1.0454818292141972,-0.9631753892733954
0.09173531523557167,-138376.06302265328,2.239294865635378,-0.11452191151609026,0.07187287927290949,0.9717889889545079,1.3381558169302608
0.0798047115164558,-2069.136128700129,0.8840231032674486,-0.08132567385707945,0.0866529484853711,1.0040451896471605,0.24771808494929104
0.16979236290076277,-32261.955774229584,0.8840231032674486,-0.0454554653829522,0.14640256264683868,1.0600012695227983,3.182308648834379
0.07521164151704722,-160969.19237530118,0.8840231032674486,-0.1337520639967883,0.0650187096723171,0.9599325782961844,-1.1205881645789262
0.08561698162124129,-204240.20988867112,0.8840231032674486,-0.1402354146407056,0.08389191741398201,0.9775641942430391,-1.4750130604131897
0.06492233848055824,-15858.869149796283,0.8840231032674486,-0.13959187915960064,0.06553224267761372,0.9838142368340316,-0.09412359631641465
0.11512775770446991,-75454.41872428283,1.3916339993168845,-0.1298485262294125,0.09788861363532401,1.0673242148240611,-0.9747682389059307
0.0831664585023039,-213024.68531367666,0.8840231032674486,-0.14021727436137854,0.0831664585023039,0.9685255131151482,-1.4066261414214267
0.10607591876591724,-22839.512599787162,1.3916339993168845,-0.12654005818006003,0.09290969466960852,1.0040240033023367,0.4453986160273047
0.3882976584020208,-0.46940161762591276,2.7469057616848143,0.06562687574871406,0.37688794274307247,1.588824869740358,8.921652685638207
0.12998225564367183,-39292.92926067514,1.3916339993168845,-0.1243808085427629,0.11336929688110603,1.0606070850420801,-1.1891938085565101
0.20316813626938324,-1661.8656777398166,1.3916339993168845,-0.042848546722891734,0.1891304234482404,1.262853681615265,2.7358366593416292
0.11176793396897372,-252910.55134375131,2.7469057616848143,-0.09523424157196725,0.07654792227036036,1.043389843964047,1.677774855213947
0.026971975616208323,-1831543454.7775981,0.8840231032674486,-0.13706437580438058,0.04329340652511115,0.9973794151661904,0.12153030056601466
0.12207467517917847,-20925.486579663997,0.8840231032674486,-0.06330766754213235,0.09940055367483162,1.0167913967887539,2.249041131416277
0.111247567465211,-14986.983008541982,2.239294865635378,-0.10166991234115252,0.10107002924015752,1.0074650196895627,2.195565582232554
0.1333192555057477,-11412.067754438447,2.239294865635378,-0.10965607074089578,0.09317552286781842,1.0109539112612362,1.2520155128020178
0.2078683628780287,-5504.599855478815,0.8840231032674486,-0.01965890291755079,0.18242685861662356,1.122048840417728,4.074974756337568
0.11056900010796294,-6398.092933046654,0.8840231032674486,-0.1412414107924722,0.10551993882448393,0.9592681754777349,-0.7532746650961073
0.14117556678537582,-29523.943844857895,0.8840231032674486,-0.14689939065410357,0.1150145098741585,1.0053280379142737,-1.1934935486036622
0.09475089550864572,-240903.59357120856,2.7469057616848143,-0.10547274748057256,0.06780587877077618,1.0525706844397578,1.678111577594919
0.10137979170962015,-60622.9850611067,1.3916339993168845,-0.12243357213974337,0.07156099225182294,1.079423202816021,-0.6128525590070382
0.06556191570355539,-159195.26309604803,2.239294865635378,-0.11122404604070019,0.06556191570355539,0.9662473388168317,1.040845741035092
0.09996721880484626,-16394.232995560647,3.3768111621752697,-0.096000922916325,0.0969483482482756,0.9748774841955418,-0.966322694495986
0.05956952456138148,-55384.13850488154,0.8840231032674486,-0.12340185046726543,0.07592967146068187,0.9987623860024831,0.8798940500250865
0.0391585375177952,-196714.38529004756,0.8840231032674486,-0.12277191162687562,0.04232653277244591,0.9733611303476288,-0.24002434702129705
0.12625904800430723,-113224.33649789465,0.8840231032674486,-0.1454707348331184,0.09092592649895934,1.0127892012498556,-1.4194383041273895
0.0754036904251549,-34363.77629799157,0.8840231032674486,-0.09855871870103311,0.06783237628498287,1.0102824813954663,1.5520689767533469
0.10935007338887928,-11433.83806773678,0.8840231032674486,-0.061014367782766143,0.1053147368134003,1.0167026357141038,2.6592635303904473
0.016976868363565965,-29291688.103122424,0.7326117449331101,-0.17661352583787554,0.022218022730656404,0.9815479845955976,-2.566044593785044
0.05398168130754253,-7149174.3071297575,0.8973568638980741,-0.1828638200501126,0.039925765133774146,0.9731749436109366,-1.9149323854088536
0.09742279155445163,-67201.31803056391,0.8973568638980741,-0.1588779203875419,0.05784098277805091,1.007153938057863,-0.3210618814458712
0.03892387001585481,-394042.07665903086,0.8973568638980741,-0.1465953208740226,0.05203988092113861,0.9932078627059397,0.9492654280080188
0.017864879878846586,-30800076.694139212,0.7326117449331101,-0.1809164479079311,0.022366217462089943,0.9821747878723548,-2.5098209859603458
0.0715267376993277,-4805.567344457644,0.7326117449331101,-0.08552615944420328,0.1005266962808616,1.1610047515765676,-2.1783076151551555
0.039059753759878774,-451480206.32280827,0.8973568638980741,-0.18510481707306664,0.03661159500147347,0.9932122870596968,0.4742743177321529
0.07940568553977717,-126097.05951114072,0.7326117449331101,-0.17363780806463125,0.08085661389578695,0.9884415972748828,-0.5525627243366031
0.17891300874872407,-1103.88020384735,0.8973568638980741,-0.08405110179202313,0.12167283399158231,1.1274480890606653,3.7840126798444658
0.10804267498482203,-108345.13409661865,0.8973568638980741,-0.1604728689301424,0.05538180790382535,0.9898825412614646,-1.0177065519544826
0.05454301105103858,-2618033.993595126,0.8973568638980741,-0.17237681607683686,0.04126867046024633,1.006229868186253,-2.5561049919292103
0.2013661835000494,-144.79566673721246,0.7326117449331101,-0.042578302741624774,0.18970795825212539,1.4754096587263996,-3.7651782471918054
0.1275363038797121,-29829.470202474757,0.7326117449331101,-0.13611789226512727,0.09257993329306462,1.0585577904583514,-0.9643199212731801
0.039370658153471724,-834246.8262252649,0.7326117449331101,-0.15628273091551137,0.038839202584035504,0.9995795688058481,-2.708348258271414
0.04266430832336392,-3512018.772645147,0.8973568638980741,-0.17629789062604023,0.03736408979900109,0.973242899248988,-2.1725995460483745
0.07399129357575067,-314188.05884910765,0.8973568638980741,-0.16538041381356428,0.05948694158366629,1.0017643756864734,1.5312305597647935
0.07606615156452405,-25242.416446523624,0.7326117449331101,-0.16148291153669025,0.08014926193125214,1.0271192336552497,0.19882509918186742
0.04177166438404544,-755734.4894547918,0.8973568638980741,-0.16275740845950343,0.05139356591239702,0.9864735644288006,0.3096558133111671
0.04194951335002671,-804279.4680104285,0.7326117449331101,-0.176323137058763,0.03383326641258451,0.9945108728713389,-2.7463977872295473
0.05834688771769989,-68178.67273579074,0.8973568638980741,-0.13640233585746592,0.061628259610164375,1.0023701795622706,1.1874907846946456
0.06259862193494449,-95407.62453574949,0.7326117449331101,-0.1474138927791936,0.07070122762221598,1.0620314610056656,0.8631306388447939
0.036605150184309744,-3603902.497414262,0.8973568638980741,-0.17988751209731935,0.036605150184309744,0.993108420386383,0.5939473386082454
0.05811594215249464,-106738.5979809059,0.7326117449331101,-0.1515040606084036,0.05379108177030743,1.02230999237003,-3.266959438917901
0.03087087320085799,-231322.01078026072,0.7326117449331101,-0.13640622778782635,0.0690769415866234,1.056820404977326,-2.159366794555325
0.04699096430275829,-3731259.2639956833,0.8973568638980741,-0.17850541066082115,0.04317046509272874,0.9730884994677611,-2.072979355230686
0.050041160245903736,-71374.7548772395,0.7326117449331101,-0.16524255025543622,0.06934641603007277,1.0192152585163679,0.6261706385366068
0.050062077020664814,-275557.42760211107,0.8973568638980741,-0.1685502199536068,0.04931617639903804,0.9754200421986959,-0.02757969920367742
0.0942569172456252,-163670.85781710505,0.7326117449331101,-0.16553759420241182,0.08135856389473031,0.9863321041529228,-0.8203603585909178
0.1955857410825908,-12.924955379999716,3.3824066299922833,-0.1223315962047204,0.1790238869680359,1.3625548162027261,-3.7127400309379226
0.05218369070527347,-751954.6111160784,0.8973568638980741,-0.16310037215928141,0.05203988092113861,0.9887940451058278,0.143869389615368
0.07330736082584952,-194025.0212469846,0.7326117449331101,-0.16859235997915895,0.075549722943272,0.9858772777294066,-1.6804982530627441
0.06428527293425086,-109399.97641232393,0.7326117449331101,-0.13662157751102155,0.06629631965468703,1.0552682083924776,1.6548769329959399
0.1016906151663588,-3829.7933148727775,0.7326117449331101,-0.11819480144021893,0.09578702842116424,1.11126810889533,-3.424751448547248
0.05344477864408656,-1076557.2151878453,0.7326117449331101,-0.17970214213970132,0.04533588816970179,0.9973857018926706,-2.796500665860542
0.06568536977242766,-657841.9276473941,0.7326117449331101,-0.17262822472970352,0.048867910209242256,1.0007485355181391,-3.3112100799885056
0.098372456048143,-4073.6437751323347,0.8973568638980741,-0.11495444635846441,0.08666249785736044,1.0589717126765006,0.5677160723289774
0.05998994748898481,-5883780.538982959,0.7326117449331101,-0.17302983255983517,0.04437884193101424,1.0013871355042272,-3.142914790679093
0.0487599995852028,-764985.585797881,0.8973568638980741,-0.18376000315560592,0.05642039656720873,0.9660183920844025,0.0004331237269568078
0.023897625336393037,-2305779.1724704104,0.7326117449331101,-0.18202861067335846,0.02941616296940128,0.9770078880134725,-2.3805706056987077
0.055613403493733324,-87597.89667793622,0.7326117449331101,-0.13179534118966374,0.07343222968952338,1.0754994610545654,1.5911640066062631
0.04539950661251692,-3925984.331358903,0.7326117449331101,-0.17236521661721593,0.03812842602522945,0.9896119798750387,-2.5574675348478024
0.05504996130058559,-4369737.118038186,0.7326117449331101,-0.1801305532756481,0.04756226526490213,0.9944376720254504,-2.628913452930611
0.05934945177450286,-5713142.765244832,0.7326117449331101,-0.17361883515726534,0.03389639618438856,0.9973817569311791,-3.0624342936827915
0.08714332262775212,-80129.40592035817,0.8973568638980741,-0.15830260176241384,0.04534630608908284,1.0372122600547102,1.9698445182681894
0.0570387295792823,-3978645.0796328536,0.8973568638980741,-0.17138856929375423,0.0428823492276207,1.0403596805647233,1.4005562676357997
0.08029656471648222,-190944.43657205888,0.8973568638980741,-0.15602007564373604,0.051186699567596354,1.0278990305529074,-2.1551990986549043
0.04202991682884703,-2134170.4108879874,0.8973568638980741,-0.18729723117541375,0.05049822864655925,0.9695565858391948,0.1031453062750387
0.07795647622242549,-577158.0099682823,0.8973568638980741,-0.17240789172878312,0.05339373977308277,0.9740294325234462,-0.5270905989997701
0.06440269768096518,-93855.24078968927,0.8973568638980741,-0.17806025123131197,0.05185535824004889,0.9764946810305858,-1.9020310725223482
0.0546657104394926,-2809079.0374156274,0.7326117449331101,-0.17570577544165722,0.04263014126397837,0.9964338132991045,-3.1439404713514136
0.04566114400712904,-153356.14869303562,0.8973568638980741,-0.16907118464926807,0.05731088392730322,0.9855515134902839,0.7426991071741682
0.09365853644115373,-12391.872033351647,0.7326117449331101,-0.1417493427784215,0.07337812524548659,1.059476931305532,-3.702196460430301
0.08837388736667812,-375808.6933816498,0.8973568638980741,-0.17174920813076167,0.05521961883454022,0.9669375735748021,-0.7392791093497024
0.08594413623015518,-245351.52330204225,0.8973568638980741,-0.1666589041930187,0.04204731550895253,0.9789833749030347,-1.4632375183888655
0.04228550048922844,-5508078.797736646,0.8973568638980741,-0.18495553598374642,0.03894504795867128,0.9991114885176173,0.6670774422579839
0.06849080704617032,-1688109.123901796,0.8973568638980741,-0.16538502185431286,0.05032950355754862,1.01956559463239,-2.375724280083709
0.06129717822446914,-789779.2840867325,0.8973568638980741,-0.1650750176842401,0.0467137402251184,1.0072833838526796,1.432814686777128
0.03527363320616615,-2290955.398321159,0.7326117449331101,-0.17508309333328692,0.02573972149335216,0.9896079286417052,-2.5334407198661424
0.03826746932480357,-403279186.0650108,0.8973568638980741,-0.18482651749654433,0.03757085891399339,0.9932851394003007,0.4565583597983647
0.06010942626269788,-5444655.270903228,0.8973568638980741,-0.1710285837875618,0.04291026299394247,1.0426499935135678,1.5205901806454563
0.07492096899312387,-21908.12820188047,0.7326117449331101,-0.13346547541476295,0.0810730644623637,1.0976366346950097,1.3040335255998983
0.00789477984934234,-1158177.6322461958,0.7326117449331101,-0.14514041321303994,0.054153954815303544,1.0235719552076774,-2.3101918567486166
0.05110710923619237,-2542838.7263649637,0.8973568638980741,-0.1702994062822259,0.04018686700155798,1.0035920198231,-2.4915650229467587
0.12545324173777644,-43468.31927617801,0.8973568638980741,-0.12659525160396945,0.08067801455831007,1.0514960476956876,2.721811235774979
0.17645043464021387,-539.6851679925916,3.2341872372838516,-0.0886221865666812,0.14944076422862201,1.2710694636472617,4.20360790105552
0.021231647831186237,-221476.3477012242,0.8973568638980741,-0.1764163604546669,0.03392359609314323,0.9815328593942217,-2.5609557604271416
0.05826866634777117,-238840.96382736476,0.7326117449331101,-0.1619380701941186,0.06238337788023879,1.0139706888036257,-1.7772265528403608
0.04846822041634611,-423905.7132687742,0.8973568638980741,-0.17130261950820969,0.04053886308327981,1.0210458711570045,1.2995209506018384
0.024915011503338386,-13086229.239996763,0.7326117449331101,-0.17226512966285945,0.02282670298856934,0.9881625965677335,-2.574127550675776
0.10164309969432422,-94580.0587358507,0.8973568638980741,-0.17356874454722487,0.05655107131551615,0.9782058170943273,-1.2938524973582304
0.02696468242829412,-1604514.1397604696,0.7326117449331101,-0.17066292114849713,0.02503378442567712,0.9872352311267105,-2.738183157799334
0.09509136034047144,-220663.44346918358,0.8973568638980741,-0.1512638128481711,0.06538966491764142,1.0264320598721077,2.0419994481319463
0.04978557828509944,-9678673.768106114,0.8973568638980741,-0.18300765098372923,0.037866454783561904,0.973615633806098,-1.96151388440488
0.01578955969868468,-1220436.160615522,0.7326117449331101,-0.15021402744881446,0.042390107807783996,1.004688774598988,-2.4330111941323054
0.039845600425330294,-589507.0092745466,0.8973568638980741,-0.16958281362561295,0.05232750048940833,0.9758785638870677,0.526473465515167
0.03519557551071509,-257519.64385513132,0.7326117449331101,-0.16867645788448687,0.051781321900065874,1.0147166500501905,0.5023924826480481
0.050193964677276035,-6005177.699745983,0.7326117449331101,-0.17247898376977255,0.042390107807783996,0.9902053288961946,-2.682732050712602
0.08992640494837159,-22703.449631297706,0.8973568638980741,-0.15932272322985475,0.05235447592050567,0.9929749758502098,-1.4758164708899102
0.11510535725518191,-7211.554780894256,3.0694421183188876,-0.09882078971025327,0.11434724985949586,1.1797314692021308,2.7973731117804093
0.12694352762519528,-8836.662463448814,0.8973568638980741,-0.09110004947830175,0.0967763825355983,1.063358681843351,2.7133116296924484
0.03485327636614664,-946852.1137569982,0.8973568638980741,-0.18190143372482181,0.03661159500147347,1.0210263792671117,0.9675486775120987
0.06626366366237613,-92200.57145687226,0.7326117449331101,-0.18459647140581914,0.05341405989765278,0.9832192344184746,-2.3792080176406287
0.08633525805438999,-32276.678968532833,0.7326117449331101,-0.17294807051407318,0.07376235423811175,0.9635343558313453,-2.0078483888595215
0.06786983973447505,-494086.1781584261,0.8973568638980741,-0.16167252179015362,0.054747013973438355,1.0470705331854608,1.812185131031903
0.04298533010312025,-786552.0059941129,0.7326117449331101,-0.17474936909492006,0.04040364547325815,0.9980861465996094,-2.988835643365725
0.12936834429874478,-4712.490007832476,0.7326117449331101,-0.11887297155410548,0.11100319316463106,1.1287150704520836,0.3296568912197273
0.09645755300219447,-230212.05109153796,0.7326117449331101,-0.16496822746982115,0.07276653468188436,0.9745061245556558,-1.3871064194291947
0.11048421247665817,-95815.63992723665,0.7326117449331101,-0.1394730938756592,0.07996580648334935,1.0655656613930535,-1.186500205829411
0.03701397840939778,-410971.2671455245,0.8947435338751252,-0.16482261946785043,0.055073913383013505,0.9597183432066265,-1.6316565698082783
0.0631006509793148,-967127.3231818216,0.8947435338751252,-0.14744087589517935,0.04533763878461151,1.0466724070391402,-2.0743562035928136
0.08455690384315893,-7193.877683214356,0.8947435338751252,-0.14622354120496828,0.07862935796522211,1.083450472817758,-2.953894354949391
0.07427304195377206,-588500.06237685,0.8947435338751252,-0.16069037293745148,0.06721341656388931,0.9714068266721266,-1.1677315274394644
0.050615816388820054,-538222.2112488499,0.38713263782568913,-0.158740433121408,0.044882216440087185,0.9837107104180268,1.2318768336439305
0.10995039537621434,-158835.16364467447,0.5518777567906531,-0.15066900983809628,0.06094352429051535,0.9932471184399816,1.9227708140043802
0.09854594379328985,-17272.432950341816,0.5518777567906531,-0.11318237470106945,0.08672243524166849,1.0507295069389093,3.5364637207807377
0.1286923078860709,-16446.313430884,0.5518777567906531,-0.07108381552740584,0.11564184067802916,1.1595174637662395,5.496843867944243
0.26617505085274806,-166.8740136754032,0.8947435338751252,-0.03527511098050129,0.21676694519373277,1.4310047849843948,-4.551352667363311
0.07356365382654548,-19504973.664463066,0.5518777567906531,-0.1595856612642947,0.0727703896267951,0.9921166225124708,2.067599487722468
0.04935985925552549,-4824191.35668931,0.5518777567906531,-0.1515513522704829,0.05828421956924659,1.0202823855549321,2.515273867866476
0.060949664896941536,-1229419.1948241254,0.38713263782568913,-0.15513922699601373,0.051600413769801505,0.9827336851422207,1.2565287798850946
0.04420305870803937,-332858.5556629543,0.8947435338751252,-0.15745907952823351,0.04420305870803937,1.0114724754477686,-1.6823793612996099
0.08600825963841281,-99300.88348776968,1.059488652840089,-0.15388887323543915,0.07612580300389406,0.9905167517411883,-0.7333258514513616
0.21491525713420484,-4005.89577032862,0.8947435338751252,-0.11318732243108537,0.16874381195613739,1.2625775151566863,-3.9655877190506033
0.0372969717579561,-684126.5595843757,0.5518777567906531,-0.14525393731338004,0.07435670480806507,1.0256096800994892,3.0630177468434
0.15624096524521564,-337.3720848931853,0.38713263782568913,-0.0860009731749466,0.10803122127750486,1.0394488993729245,0.3082994972598101
0.07061298135322558,-317334.7101703177,1.059488652840089,-0.15068439186018695,0.05821701746638231,1.0524353385843728,-2.0395004646312387
0.054150701846801555,-13429934.761626521,0.38713263782568913,-0.15543263594794382,0.052859578776273876,0.9858726507457279,1.532505238523136
0.05884574739935808,-311036.2355896695,0.8947435338751252,-0.15363073794209048,0.054289998204321045,1.0556187655952003,-2.4089709857863753
0.06264815382659415,-96946.5458080456,0.38713263782568913,-0.15367277510618216,0.055141895660269925,0.9837588107410962,1.304428072425047
0.16118269356816955,-6259.279432070498,0.5518777567906531,-0.026658541617887388,0.14647384204338287,1.2269350732358273,6.253648551452478
0.03977155113426991,-1021637.6165352445,0.38713263782568913,-0.17426993353991738,0.047528094966402874,0.9637569573002206,0.4143776425619663
0.05445232996491407,-177700.903939187,0.38713263782568913,-0.17433038585723448,0.05448283167295782,0.9501972930364038,-0.00027477338525017103
0.16017675896230088,-49762.77106760477,0.38713263782568913,-0.07821056838043638,0.15105115172388514,1.1039110954965388,4.2557813119601064
0.034211245657798574,-390111.35412700934,0.8947435338751252,-0.16215846014576263,0.04420305870803937,1.0084073204256867,-1.9765595248803152
0.04016849764708791,-683997.0276076847,0.38713263782568913,-0.1694530703217364,0.035899632284683874,0.9612347812190302,0.22386182830107515
0.08694336436952427,-55297.123070143934,1.059488652840089,-0.1463679984391298,0.06870766971281009,1.0218558129957565,-1.1100931679760464
0.08079755812161274,-79049.15983157542,0.38713263782568913,-0.14120842644788767,0.06850718292948044,0.9598960370309025,-0.04113812767419489
0.06360309342404628,-78038.20978551659,0.8947435338751252,-0.1550977740733398,0.06351919748579288,1.0492641465759,-2.5984025210946626
0.04410726810416624,-1063068.5145070683,0.38713263782568913,-0.16713085143265977,0.04260209610402819,0.9633619416918332,0.6239047995514184
0.08737186965414366,-51377.26416594017,0.38713263782568913,-0.09852290860377971,0.08212968892191128,1.0514243028346162,3.9161696093960714
0.07271202226420301,-1536649.1208759213,0.5518777567906531,-0.16199017403125338,0.07045317411126525,0.9734635881584394,1.7905801413891567
0.12407872521410568,-174270.33123014838,1.059488652840089,-0.13908717280755872,0.09082236451255425,0.9614299606186092,0.6410373372739926
0.02902483932777388,-861744.3765061658,0.8947435338751252,-0.1686428702687769,0.04987967984373542,0.9652428259524282,-1.8117249049178952
0.1568863199597671,-858.1313879786036,1.059488652840089,-0.10586350848996645,0.14250514421295818,1.1788866333063357,-1.825992077125214
0.06220887379704704,-268976.2181148583,0.38713263782568913,-0.15881047760849665,0.047528094966402874,0.9833023117020753,0.727205114597318
0.25626501412675284,-2768.6820046457797,0.8947435338751252,-0.10421667001423773,0.20753512114938685,1.3635679329268742,-4.322651443958193
0.15847270473649477,-10465.54754602687,1.059488652840089,-0.08117841664576586,0.10419200386737568,1.0821021833255697,0.5002765410154311
0.0525109980781155,-737158.0756942614,0.8947435338751252,-0.145282097332797,0.046752651382114256,1.0445188100710623,-2.260105038023461
0.058715219409423036,-934613.8693562187,0.8947435338751252,-0.1588066604863667,0.055073913383013505,0.9731000393148613,-2.02179380243075
0.05403300548035604,-241448.8423152186,0.38713263782568913,-0.152888736249304,0.04928996972580877,0.9512228252606083,-0.09280124535987255
0.055520879276683976,-5669995.750751531,0.5518777567906531,-0.15435037993482842,0.05844104988455195,1.0210816730221868,2.636477926906238
0.1362706898606137,-95675.95687096023,0.5518777567906531,-0.13835412254054585,0.08530820514009922,0.9554776166104189,1.1016564095463366
0.15035869150090805,-38752.063403046355,1.059488652840089,-0.09734330901266225,0.08705157027242139,1.0307213511516449,0.7496242683683931
0.1706464926294511,-1105.4753823079477,0.5518777567906531,-0.020109158314292386,0.14160408082602438,1.1449002522121843,4.7057763530033085
0.1101475186304501,-106781.37770460921,1.059488652840089,-0.13712619902098877,0.08501029628771781,0.9790945626431876,0.1823841990678048
0.05051510049780393,-767934.6518702803,0.5518777567906531,-0.16466047729273514,0.052859578776273876,0.9743710349551737,1.777398545156899
0.33431306233712277,-129.28589462897773,1.059488652840089,-0.08687103347177694,0.27912866904427647,1.6241705453294388,-3.836706288403775
0.0656219974265669,-458684.1717306773,0.38713263782568913,-0.1493416558579661,0.052112190376001365,0.9828560300860977,0.3965209428899641
0.03933851092306323,-278581.28977414255,0.8947435338751252,-0.16510940379455014,0.04405053108351445,1.008790274076893,-2.2538527563633366
0.1246971016961409,-10869.839812176875,0.38713263782568913,-0.1206416850452412,0.0906317797118763,1.0263976767402248,2.4712030831993275
0.05651423863485358,-469814.78652417276,1.059488652840089,-0.15860267269901562,0.04496019110888656,1.0132893116188302,-1.4658027606187787
0.14363404732553164,-116922.56511509093,0.38713263782568913,-0.08596934907730702,0.13347576756675536,1.0895063002647525,4.2270166661273905
0.043223559643293635,-54599.267959895034,0.5518777567906531,-0.12139966688608617,0.07502951073452312,1.0438899283935266,3.850706255360521
0.12212037834142861,-18446.077024168448,0.38713263782568913,-0.10909596322531989,0.08432945221845241,1.000511963867072,1.0143511810474308
0.08253239950524136,-214976.5781749605,0.38713263782568913,-0.16428435034204086,0.070449027143948,0.9652165554389674,-0.8699670184122326
0.04235290232992401,-931782.1168005925,0.8947435338751252,-0.16468911162252992,0.04405053108351445,0.9661455228406883,-2.0105912363873486
0.07256370500668384,-306543.4778697765,0.8947435338751252,-0.14691648552672854,0.06418995534437735,0.9739832315271801,-1.8537998343591582
0.05938086129488869,-387777.9987414905,1.059488652840089,-0.16132819972364199,0.057901154530353945,0.9897737328343573,-1.2552685296213468
0.05073003668540791,-10327553.587082917,0.38713263782568913,-0.15905477409223534,0.04817062221933399,0.9864277136893905,1.5863913102629112
0.15259736494141873,-4362.750807906998,1.059488652840089,-0.08706964822321772,0.13185757510926666,1.1696878448115853,-0.9730462066466856
0.04913739440168432,-115225.8519098124,0.5518777567906531,-0.12457688627662883,0.07480548570490804,1.048411822012099,3.9311095904805526
0.1275718400612744,-1527.0501378080276,0.8947435338751252,-0.10551961991819869,0.10886013624255894,1.0383037866974505,-2.5897163000306023
0.08219184569103438,-448096.6349904478,0.8947435338751252,-0.16713956620003728,0.07290549127186417,0.9573564888345578,-0.857781319624074
0.07178793775277591,-12077092.226510828,0.5518777567906531,-0.15479092683240114,0.06808111491365477,0.9932958575554196,2.1658335692037696
0.09940685288113991,-5779.281512899008,2.649055766057576,-0.07212193941230205,0.1523883283515884,1.6228406350166247,20.200314628351332
0.16758703196546895,-1696.2056130088718,4.852839646972455,-0.0737650731722641,0.18645604221006487,1.8032786650498167,17.61640994942119
0.04970342644056996,-9327.89706093811,2.649055766057576,-0.10386656627203567,0.1209234280909956,1.6163005087970832,19.160499141434272
0.17581498576478574,-9152.299543489926,4.170178720158296,-0.061989005536410735,0.17321778675211447,1.5619171533117424,18.802472231079427
0.055525713450994996,-37271.80480879507,4.170178720158296,-0.07701189319194623,0.13993366442621694,1.5717776419610159,20.437985436090827
0.15104035736823312,-17086.491678959806,4.170178720158296,-0.096258644432065,0.10953861952640034,1.5626468272704568,18.98637491672396
0.07928565939763715,-7662.549231030498,3.3317166928717357,-0.09232009866998969,0.15677180817659075,1.6169279237849086,19.43839449186764
0.1514291461349737,-42176.562791304415,4.170178720158296,-0.07404225397979969,0.14078371800224576,1.5629549108689331,18.998506956632944
0.12701048073610677,-16407.34436773901,4.170178720158296,-0.09693214015162277,0.11608376189694612,1.5650729615067556,19.41046068184945
0.11514616050035689,-139765.2634626198,2.649055766057576,-0.0917622948714727,0.14571097469562586,1.5752593446295,20.96725189774586
0.11204538968467967,-257131.5946609252,2.649055766057576,-0.09705868372718729,0.12897631137743135,1.5745413399397836,20.84584184430948
0.13695634512028385,-1514.1226639184329,3.3317166928717357,-0.047555473409817806,0.1886222119987114,1.6189500685491836,19.988264241261334
0.15237885082929775,-1226.0166395732738,2.649055766057576,-0.0730950859301226,0.15686498442539257,1.5815589053191215,21.87332369763742
0.108461949350972,-40161.51391194436,2.649055766057576,-0.09649426553949053,0.1257125606028516,1.5731220325219462,20.62238694391289
0.09560127216934676,-1926.1808979475838,4.170178720158296,-0.07352339944766051,0.1654382980106539,1.5784618472627931,21.480589597623933
0.21701081889533197,-85.59477456881021,3.3317166928717357,-0.06514513071424144,0.23225932038694935,1.8083777193045532,18.53000648413167
0.09115558708971724,-4975.2058007456435,4.170178720158296,-0.09410084074427971,0.11250988273777644,1.570552128089395,20.3399499836966
0.09121675803802246,-486071.90835708904,4.170178720158296,-0.0999614091347944,0.11017514305759876,1.7987431847170814,18.58198748974656
0.1209234280909956,-76769.77790081219,4.170178720158296,-0.09379809585654753,0.1287807344094782,1.7951797902694833,18.16296557078455
0.1257125606028516,-6093.020156296072,2.649055766057576,-0.06352945426075329,0.15848645058809718,1.6273342171917047,20.784520084690094
0.09604848511806546,-756045.7208743484,4.170178720158296,-0.10136416926290431,0.10953861952640034,1.79792844140843,18.48376432668436
0.055352665021370574,-30258.3717843698,4.170178720158296,-0.0767125864930096,0.1620745742677017,1.573475856671778,20.68059437815334
0.026876532207040824,-2330243.096990382,1.2257828075840946,-0.17592264969117338,0.026755397429360752,1.0719766544450942,-0.5285333474565803
0.04384772727497022,-488911.5463565557,0.7181719115346586,-0.1682797745169884,0.03798309384265801,1.0019956011650266,-0.10721562401025153
0.01114094349748608,-136398712.73692042,0.7181719115346586,-0.1994070725742081,0.010538520380024332,0.981555111279304,-0.37526793470620134
0.0181477565606776,-962290969.9628828,1.2257828075840946,-0.1875407525051574,0.013039441764046313,0.9885744387202897,-0.31895097637444536
0.0031721524725209682,-10264201557.307524,0.7181719115346586,-0.2019154435270487,0.011472842467475949,0.9642525973109699,-0.31891899521399125
0.033151030623243,-328127178.90637887,0.7181719115346586,-0.18077635439385475,0.02214987257064247,1.0368961394614438,-0.29214533898783657
0.0044571023751660485,-25458002299.84139,0.7181719115346586,-0.20244874582161726,0.011815242231776152,0.9643049301867982,-0.32620772483763716
0.015784769276148598,-22965466.305999912,0.7181719115346586,-0.18953311542726958,0.01983152496980569,0.9944070855393388,-0.14125522074318297
0.04055824361431341,-174288.52100093223,2.2392948656353777,-0.1611153457974316,0.03566177998311363,1.0740185967332074,-7.902002828785726e-05
0.07580046711036406,-13734.55656842817,0.7181719115346586,-0.1387413403691548,0.06672690750374492,1.5933613525384687,0.25198396950187174
0.015802043460429772,-13108316.540573392,1.2257828075840946,-0.18035998276773074,0.028959712873784477,1.1116655450270607,-0.4505039432791591
0.03516565580667573,-9667759.83055287,0.7181719115346586,-0.15681218267530028,0.03500056742306981,1.1556387043502652,0.08414500216867538
0.02449157474893429,-96267674.98741922,0.7181719115346586,-0.1922232107768721,0.02126245831335849,0.9896768293302843,-0.45830787930049866
0.00993439507425527,-68244790.89319704,1.2257828075840946,-0.19489977615003412,0.011773953291407926,0.9824399147424125,-0.4256237039839377
0.022047206591023258,-162020690.33614072,1.2257828075840946,-0.18478408568842647,0.018070837697031716,0.9768561027723718,-0.29820379372785766
0.010920222847912095,-619558112.5104352,1.2257828075840946,-0.1993071144572648,0.011232126683432738,0.9806306891299544,-0.3654989643879958
0.009040463130292727,-114140669.6652213,1.2257828075840946,-0.19643636893724947,0.010374217841120126,0.9819690702007685,-0.41529163159346183
0.011169301179403433,-28798317.684042983,0.7181719115346586,-0.19116924263485197,0.01205218320825147,0.9723716711748973,-0.3152522405728746
0.011951322245782315,-9898254.435343895,1.2257828075840946,-0.197006914168185,0.014196512998231254,1.0008871097308902,-0.383408409579431
0.0169291575961595,-16091927.395202935,0.7181719115346586,-0.20056536371726408,0.01631021126543071,0.9646891193073953,-0.3007671351712915
0.0656154939785891,-81241.70268752267,1.2257828075840946,-0.13873065634976228,0.07269337373949063,1.4705294269826872,-0.3245856937737486
0.03737731475620719,-92497586.80958301,0.7181719115346586,-0.17729992090773888,0.023318171547984403,1.0258904433360305,-0.33667983562374815
0.013869995052819084,-130322581.0687908,0.7181719115346586,-0.18283087611113696,0.024713297244231405,0.9971472132158686,-0.07717761434659565
0.033662139950363955,-471209261.1403755,0.7181719115346586,-0.18120545268776483,0.02034534762854319,1.0261723575440211,-0.3066288516923166
0.010892965109420304,-104071339.76074256,1.2257828075840946,-0.19506067994353699,0.015586464952823455,1.0034295472919457,-0.4435816095157392
0.08429175604181877,-74641.0823768022,1.2257828075840946,-0.11842907961581933,0.07398104864979212,1.7213064558810915,-0.6440043973406375
0.026481847873823256,-6254485.321559292,0.7181719115346586,-0.20023486943907065,0.025390756890505385,0.9658762392532368,-0.2653153948707754
0.02177355324982247,-11015891.805853326,0.7181719115346586,-0.18507789833655847,0.02122643148845425,1.0318411298450059,-0.22421570123869827
0.021736192990972632,-12311512.478960672,0.7181719115346586,-0.1889544470347978,0.024220404031510375,0.9754422393115101,-0.19301281862336594
0.03504425128935951,-12200434.184566123,0.7181719115346586,-0.15586971495789304,0.033805028028755534,1.1573527601342113,0.08287128558556844
0.010254687277529786,-566996160.6799631,1.2257828075840946,-0.1993071144572648,0.011773953291407926,0.980281654716164,-0.3738269251401647
0.06252955621930312,-1042248.7288464591,1.2257828075840946,-0.1444377158050813,0.05324035477648987,1.4831206651261357,-0.594057868358469
0.015323804372586352,-142404159.1493692,0.7181719115346586,-0.17910751568174405,0.02242985329963709,1.003416187593951,-0.0625547639322761
0.005440557393138876,-402869489.1710588,0.7181719115346586,-0.20246024246287564,0.007985000583162814,0.9724095971424964,-0.3348147891829498
0.017577664671196022,-7889811.067256937,0.7181719115346586,-0.18227587896308445,0.01983152496980569,0.9826813714911424,-0.10822280297078635
0.018428042406498923,-2765945.2535777134,0.7181719115346586,-0.1864472896343234,0.025617659697271575,1.0444310475563086,-0.1256812418131048
0.05390250284100069,-561701.3581099865,1.2257828075840946,-0.1552005191755636,0.04214971866404894,1.4049249810632711,-0.5361392211570291
0.055231397625649256,-225022.0233446834,0.7181719115346586,-0.1436001185761267,0.03696969865254118,1.3164340005151673,-0.18970940316603446
0.013542345244348046,-21204221.231159497,1.2257828075840946,-0.19339936559939075,0.01805771117577806,0.9996208679943308,-0.457124898865807
0.01891458696170577,-18597960.170750566,0.7181719115346586,-0.1908467440526374,0.022265037368800915,0.9705710727147038,-0.20717951670030033
0.0031721524725209682,-782004776.3394359,0.7181719115346586,-0.20148888581035607,0.009078447225736962,0.9662752442202008,-0.30873283896728765
0.019537552709023933,-1021814289.7855324,1.2257828075840946,-0.1870684735360416,0.014320153381428854,0.9892329249188667,-0.3201348764659784
0.005817784894831583,-7728836943.47022,0.7181719115346586,-0.20244874582161726,0.010511448401607334,0.964511874887039,-0.3321812769477077
0.04330864185503387,-272918.9578644292,0.7181719115346586,-0.16056057655510586,0.0389811937838001,1.2493175141201214,0.04799862993654358
0.01765781396404734,-14373727.702004796,1.2257828075840946,-0.17737735442428454,0.030933255786271357,1.1250548257236719,-0.4661897294146513
0.014626968503935009,-3680167.10874633,0.7181719115346586,-0.19877252170107695,0.013280284757002344,0.9724287660285623,-0.3848303027785178
0.026508887053167028,-3580362.708841826,0.7181719115346586,-0.1957145608978169,0.019514672257915252,0.9653876381997204,-0.3782791925933253
0.031301681664134495,-964889.8341732757,1.2257828075840946,-0.16670491751456568,0.03445394069841475,1.1681265810724542,-0.5496814483827421
0.0266503965079918,-69032283.78667592,0.7181719115346586,-0.18979462528011865,0.023170232559914884,0.9899551534917732,-0.46519396112314837
0.03518126900474317,-4160933.9621904553,0.7181719115346586,-0.18933426588523716,0.025390756890505385,0.9783997171356392,-0.38281072235331237
0.02328376691664628,-143998831.23762712,1.2257828075840946,-0.18558031441036277,0.01809410091457182,0.9929706856329467,-0.31147376412351946
0.04064541780401072,-5706734.320520983,0.7181719115346586,-0.16653680640650692,0.023318171547984403,1.1732263497699058,-0.21736462741606033
0.08835927224400925,-3423.537558987474,2.746905761684814,-0.12147774108422882,0.08682098967174431,1.627284055322301,-0.20726040622408703
0.01906729553413074,-12158506.165943379,0.7181719115346586,-0.2003802437863138,0.02242985329963709,0.994334117143308,-0.18722136849758897
0.925724823147728,-2.461482427689076,3.566332583760647,0.06951947006030179,0.8853806384446081,1.2039734060941112,33.87742073284196
1.1755148521617977,-2.308746543240149,1.0636510186420796,-0.0001231439307842752,1.1064277740560673,3.5628692114550073,16.310555991211146
0.42088206974831666,-0.44050946391101065,6.059120642668468,0.003764630189808882,0.3885526660972414,2.4560029705920043,2.9945755087184196
0.4599363559610877,-25.122655495368033,6.059120642668468,0.041541099111887414,0.49276259129418876,1.5623805589794775,23.81025928395434
2.185089475353088,-0.06379785821057941,3.2979025915836457,0.1617197966067757,1.7970664644632548,2.869006975549649,47.65024504909759
0.9997096136308599,-0.4586092828955066,4.993811411234785,0.07881257580804157,0.9852040635056349,1.4193996860485238,35.498413641833935
1.7343909162494877,-0.11077650133039833,3.2341872372838516,0.1230625653437375,1.603738306099341,6.987291634658194,37.905312058525794
1.4541994205471025,-0.7442975890235639,6.131327707774677,0.1327896886841683,1.2662780806611933,1.9072574524128767,41.00837302788831
0.3543677839751247,-0.06821676560263552,2.2392948656353777,0.00246287861568506,0.34627532089408886,5.583930596501618,2.3523460222848627
1.3496449199603404,-0.5255645894882152,1.2295022103748696,0.041040668794110946,1.1897126819885226,2.9839023157632125,25.18107105969292
0.8679792181394516,-0.009702930025499717,3.4975678846045257,0.06437550706429873,0.8239816025245179,1.4638204571427966,30.06912919535603
1.147143726574255,-0.587787189281509,3.6385396488668555,0.09819700329370684,1.1233409744552483,1.2261920967375788,37.721454548277826
0.8993043287661442,-4.778842791281957,3.400481392027857,-0.02380218724669725,0.8652696060441906,2.58848463104198,15.91530520778003
0.8439673941523396,-0.023690555029944004,6.2073400353769,0.05026252556069777,0.8251521873978879,4.968831450186752,1.513234349465428
0.8343145807427205,-3.585264086780518,6.188405854948097,0.0698613331325173,0.8517003800642073,2.0665774638214636,28.842671646458967
