0.02889642575341477, 0.01775570711378621, 0.15881685909924612, 0.017360674482087866, 0.18639346385751937, 0.25308216208129164, 0.08202682848324774, 0.05361183149670776, 0.06547786404550264, 0.07352331201164498, 0.024661438725868897, 0.01548873854060727, 0.004635838843394237, 0.08652224869060605, 0.052676997145164654, 0.6454205577423935, 0.0, 0.6102686929539567, 0.006893328089686027, 0.020018574910180272, 0.0, 0.13983864333680007, 0.0, 0.0, 0.0, 0.0, 0.0, 0.021583869905185907, 0.0, 0.02755013551787054, 0.0, 0.0, 0.0031147069099743646, 0.007955440358377917, 0.43886621015314436, 0.09288173296463607, 0.0, 0.003911575744776716, 0.043511778430338204, 0.0, 0.23827950836261186, 0.22687366493525624, 0.0, 0.10099983643185725, 0.04496173879549474, 0.021808653740955565, 0.14573480842377612, 0.018210877042292736, 0.0, 0.033857572885823084, 0.04606975812931805, 0.011020189435556533, 0.0, 0.006905846502876024, 0.10758733362856185, 0.40502440963579545, 0.10896312466864794, 0.020579892848442857, 0.41821075125333623, 0.20530949667945153, 0.02635727011423912, 0.019629068445827198, 0.009660856006356161, 0.0, 1.0, 0.0, 0.021382758310451364, 0.07794957793523968, 0.0, 0.0, 0.01129122480661547, 0.03587225101019143, 0.1832975141588944, 0.07512835400567659, 0.0040389845811336245, 0.0, 0.014830547931232417, 0.8680776783404957, 0.033985677896075074, 0.00458642537088328, 0.0, 0.05366827549353069, 0.030368301061252663, 0.18212952697785326, 0.0, 0.0924565418859053, 0.002655126733363743, 0.44497518449607926, 0.40846001021850975, 0.09303216258073282, 0.026066370745698245, 0.5592751766602592, 0.11159634806956392, 0.47838244805865543, 0.025659094493399964, 0.02859236413444147, 0.010583192307332482, 0.17369038515559984, 0.0, 0.06676103756325652, 0.7352767491049395, 0.5661362479957055, 0.0, 0.5492856230551443, 0.08132813312034164, 0.07350396832167716, 0.09806393693700956, 0.11070690707195222, 0.25229918665254036, 0.2580009802074755, 0.09651148388860734, 0.08213640830283586, 0.046767889271322305, 0.22225825119145456, 0.1527679080486868, 0.0, 0.047474532384624485, 0.0, 0.23183157976868646, 0.2412089078808353, 0.11283538886791156, 0.384569072780904, 0.12731162368852098, 0.01712745192218776, 0.07912125562397963, 0.021959415969966267, 3.3283751478733683E-4, 0.010953246412878294, 0.010793305103257943, 0.032326392354642075, 0.015887493590252436, 0.056210724097866795, 0.00210788297605043, 0.1488298671996188, 0.03643109188091811, 0.08212698905590973, 0.0, 0.4384854963794781, 0.2985572418759376, 0.3601532421162032, 0.16871398796721893, 0.1497487856513002, 0.3248900542198772, 0.16612864494946447, 0.30158706984331607, 0.014801051815156, 0.054765064257910695, 0.007173034742840759, 0.18247312582010256, 0.0, 0.27678444714927697, 0.1990564675912095, 0.011774310171053924, 0.1982887174838107, 0.0, 0.0, 0.066573382938919, 0.0, 0.03985181058354132, 0.014360205804889621, 0.15593456179510354, 4.873044543013102E-5, 0.0, 0.08007091775103728, 0.0, 0.013963422785573153, 0.01372723498115351, 0.22214942892846562, 0.19420477758307045, 0.009191331946286832, 0.5889486130670473, 0.01903870456467077, 0.08749179781251085, 0.053625361744302234, 0.0, 0.0399752429673824, 0.008586271808100948, 0.08027488752805051, 0.04128294423470803, 0.0, 0.03693423895728508, 0.053036302401829126, 0.07355022142091229, 0.01287540102733956, 0.018620751600933926, 0.28917784582351, 0.29135697574875324, 0.6033357503528474, 0.08156987634857069, 0.014063499400463527, 0.0790563827071215, 0.0, 0.30316044587526375, 0.05844240654002126, 0.07522754788122231, 0.0, 0.07446866089334843, 0.0, 0.0, 0.4387271846335981, 0.24500675340935574, 0.025153404874415596, 0.07361544332170529, 0.015101867635668556, 0.06544858736989509, 0.21703882997999543, 0.1898226666091718, 0.026637731689782517, 0.04952838044062724, 0.02707059904582772, 0.08380055573116386, 0.21929903724480618, 0.021351345253308437, 0.01358492666967977, 0.19736006785864854, 0.0854468292305116, 0.07981984881630397, 0.07622317499376882, 0.01260553218841345, 0.030302015853885256, 0.9360657829007626, 0.12679613843017365, 0.10390507301582297
0.006474758453583472, 0.017810713934830722, 0.1577172443641304, 0.009203473264397494, 0.10933475379156125, 0.18332637417366446, 0.03922988560127475, 0.056528634456886016, 0.015626286639340146, 0.07738430760643471, 0.0, 0.022190747494186425, 0.0, 0.02882568406256495, 0.02867914080396187, 0.33850586214149864, 0.002343598388272668, 0.5696520229271497, 0.0, 0.006239591179622806, 0.0, 0.08729306482209567, 0.0, 0.0, 0.0033878100035516804, 0.0, 5.551593321162613E-4, 0.02449328724613153, 0.0, 0.0060232602762250575, 0.0, 0.0, 4.6315922878559473E-4, 0.0, 0.4398415960166561, 0.02045928088995371, 0.0, 0.002114204544122196, 0.01780721052079178, 0.009132107512420148, 0.22871664815678722, 0.11338062244598295, 0.006283451520567845, 0.053775210043050754, 0.06634222729067298, 0.002752385319420581, 0.11470976210335954, 0.0, 0.003858849239096795, 0.1061379900054725, 0.009779348942992181, 0.0, 0.0, 0.0, 0.09025873924645915, 0.366619203430877, 0.06500507764955601, 0.018237324792348502, 0.24033062845453224, 0.09908930238597011, 0.028366509772556746, 0.012409621306779346, 0.017759227922125725, 0.0, 0.72411755883678, 0.0, 0.0010795109492854858, 0.07332912558752983, 0.0, 0.0, 0.0, 0.021751621219726833, 0.15644442738243297, 0.09526337128450262, 0.0, 0.015016738904370523, 6.127978342202883E-4, 0.6409772483025021, 0.015273175747689076, 0.005770983344091747, 0.002651550700142533, 0.011604670332752354, 0.01558411036911896, 0.11257479155135124, 0.003756526017630093, 0.07064929700117867, 0.0, 0.272200695814559, 0.2620329199387129, 0.09326606365503137, 0.05387873671633007, 0.1942439045378921, 0.02181476939118384, 0.3341768576376139, 0.011753205748746082, 0.02586728433320529, 0.015059376931456774, 0.10407591313006453, 0.0, 0.10445498477611756, 0.3662371787744179, 0.2292233652275739, 0.0, 0.2786573287957719, 0.08567620412175517, 0.0823762436657502, 0.017899503926460184, 0.06339690969346556, 0.12048474349221562, 0.1322419800164456, 0.042892139022498894, 0.15335958541250064, 0.011702299872702106, 0.09885764762519629, 0.09901178069750236, 0.0012795408962026087, 0.03468278257730075, 0.0, 0.11452726229460591, 0.13170025674889246, 0.06289766881436713, 0.22676416464493676, 0.07384094066067207, 0.006583842052663294, 0.05494754685901931, 2.740776765136247E-4, 0.0024546977578378216, 0.0044467967577258, 0.0, 0.009796141335323204, 0.007364275527879408, 0.0254589286955493, 0.02448037223104214, 0.08868521988299974, 0.009325443251627834, 0.04238933980165944, 0.0, 0.27801661362081526, 0.1150496183778665, 0.20609340247008923, 0.103498925614681, 0.07671009111003729, 0.14902647064890512, 0.06580157902844332, 0.15884078742337396, 0.0, 0.036407406969193264, 0.007776169336134551, 0.07198221723717123, 0.0, 0.1651723781324318, 0.09699846275082077, 0.012279057689209536, 0.1524591208373825, 0.022652996877764633, 0.0031618935668433095, 0.08591470215422656, 9.313982156166451E-4, 0.018799425639667824, 0.019121673218511832, 0.07417087902893398, 0.0, 0.0, 0.072624164119795, 0.0, 0.014322703524730487, 0.021601624581541592, 0.10499216779521289, 0.11685048609811853, 0.0, 0.4392456732634669, 0.0, 0.04811983975232784, 0.04661774582534748, 6.608034560176884E-4, 0.007139286886483118, 0.0, 0.0370435637442633, 0.02100734701184184, 0.0053269459214532475, 0.004411094937279415, 0.03759414745003625, 0.02929863367786248, 0.0, 0.003858699497714173, 0.12215384574094489, 0.15427314377122764, 0.3044019571722088, 0.06081160510695755, 0.0, 0.03574764353903595, 0.0, 0.17690151210255106, 0.030317326901107947, 0.05704467566868687, 0.0, 0.04105938534886597, 0.0, 0.008701448483660312, 0.22242062275428584, 0.12502317146089223, 0.00571094164623134, 0.050586850180254925, 0.026073163416491397, 0.03210769462983279, 0.09860548939770962, 0.07638520043873717, 0.011495959209946454, 0.035151096135421486, 0.02539029107984066, 0.06707976569357132, 0.2304817067429694, 0.006910794323930194, 0.024380272869355995, 0.07414628776834334, 0.02170721514163675, 0.036974283866874465, 0.044994508698622024, 0.005513573135665256, 0.02898950275470547, 1.0, 0.03907720788873172, 0.04129739841958925
0.04162105600040346, 0.019779663930011727, 0.3328016016358379, 0.0981607832436075, 0.10833283900808247, 0.19034050499091373, 0.059512430240476456, 0.05878655073496336, 0.02813542934388424, 0.07501967890198774, 0.0, 0.02197128504687849, 0.0, 0.1015399986533966, 0.06291927053172422, 0.39196869429901143, 0.00371276068038616, 0.5633544855855327, 0.0, 0.0, 0.0, 0.07678410900946071, 0.0, 0.0, 0.01700626277968308, 0.0, 0.0, 0.01121648665354032, 0.0, 0.03295708068683129, 0.0, 0.0, 0.0, 0.0, 0.5315865725467532, 0.008479512862673174, 0.0, 0.0, 0.0014865054295801984, 0.02266341891998153, 0.3536007979430567, 0.10700370954423241, 0.019376454584281836, 0.041836927542637, 0.057862034229890155, 0.0, 0.22757997464536633, 0.0, 5.239301658448148E-4, 0.27398297776815944, 0.0, 0.0, 0.0, 0.0, 0.07578390632996897, 0.37408047623793966, 0.08540003927942415, 0.05570478319360586, 0.24810821072984723, 0.08857461170337044, 0.013503164043858647, 0.007585415330024446, 0.005422914791849174, 0.0, 0.8016084443562719, 0.0, 0.0, 0.09983868201238613, 0.0, 0.0, 0.0, 0.019723091693355965, 0.2100465331659576, 0.10088493107174668, 0.0, 0.007253273518181445, 0.0, 0.758689666555156, 0.0075281985208008936, 0.008938403221810061, 0.0, 0.0166369483088688, 0.02321795607074337, 0.10441013917990526, 9.316845406875942E-4, 0.08494019968265171, 0.011869174277298966, 0.30567095320773957, 0.3040476850269887, 0.11831115848785784, 0.0950598188326874, 0.27866468953448764, 2.4562968316982207E-4, 0.3861065835506892, 0.007579023822489688, 0.1102253519361257, 0.06438388199859146, 0.10262216515590926, 0.0, 0.14075097310227833, 0.37032256750028375, 0.2953066599516852, 0.0, 0.2816554603923622, 0.10442928223528658, 0.08754759583984184, 0.015776695955328084, 0.045005651655098365, 0.12817890125411013, 0.12235640233233747, 0.052724625771206624, 0.13846153513034798, 0.015119483792871681, 0.10875397399834211, 0.0990214696485298, 0.013837125190045003, 0.048332026570458146, 0.0, 0.0955160855654278, 0.14884690865900502, 0.04485023007859059, 0.23760447767912815, 0.08509077836978349, 0.0, 0.04005087590455, 0.0, 0.011238858088990283, 0.009263619699240121, 0.0, 0.014053226148038514, 0.04907849877136709, 0.031114691076835992, 0.05120586866162674, 0.07508437103681793, 0.0070602096393272765, 0.06178597474144917, 0.00419618936385246, 0.32334033795292316, 0.11341481336277108, 0.1942183792826836, 0.09216166345822281, 0.08229556517402636, 0.15739016653063725, 0.08849463155169249, 0.18248528393647706, 0.0, 0.04321570665909809, 0.04442460853160928, 0.05215628578959421, 0.0, 0.16852314482789812, 0.07745086981943321, 0.005564475218523678, 0.1750449993122777, 0.024361286319027318, 0.018003695149223106, 0.09979735862841178, 0.0011679771685865492, 0.030438126493894352, 0.0590410178309978, 0.07058547512270516, 0.0, 0.0, 0.051506927434850316, 0.0, 0.014683616364045575, 0.013390790272304698, 0.09932096129524326, 0.10889489362227701, 0.0, 0.5090624377762403, 0.0, 0.0654964695473226, 0.055286540355969, 0.005456766054122064, 0.016426006331744344, 0.0, 0.03311608012507976, 0.01243136565954911, 0.01785450334309451, 0.0, 0.054041143301614164, 0.016223729842518735, 2.8313800733697396E-4, 0.003273758842299477, 0.10346116652171061, 0.1826787427030137, 0.44380066691739034, 0.04030232428537156, 0.0, 0.04262786855444107, 0.0, 0.199361659973125, 0.06167236002555361, 0.05934110730663666, 0.0, 0.03216781012662956, 0.0, 0.016046031021053314, 0.27979115546185407, 0.10800333231365221, 0.006911011989334448, 0.05618964419308876, 0.06667455450958451, 0.039043416976577525, 0.05808772875201033, 0.09302306522888919, 0.019521560523051984, 0.05740383711564883, 0.0303627111660732, 0.058203504406221344, 0.306923859346982, 0.012640160742000708, 0.02856842326183315, 0.06098352086262815, 0.00959686867949895, 0.05225674027509771, 0.0553551414893041, 0.004452438601025797, 0.03295337698509969, 1.0, 0.034346239445165114, 0.04349213628710323
0.10236415053650814, 0.015622057310017489, 0.3168359589918619, 0.1512716481088269, 0.12270074457373877, 0.16728470892045438, 0.11969651353325954, 0.08659264236987785, 0.05662099642663427, 0.10355175969540868, 0.0, 0.05938239212867426, 0.0, 0.18650260331637056, 0.041315246633806355, 0.37822611350741475, 0.0019775413059382844, 0.5378151356922656, 0.0, 9.035358429600423E-4, 0.0, 0.07439979548712021, 0.0, 0.0, 0.01081570103094699, 0.0, 0.0, 0.009078491639289478, 0.0, 0.02675472309518257, 0.0, 0.0, 8.155495887367951E-4, 0.0, 0.4847190096932246, 0.0012366009870333026, 0.0, 0.0, 0.007848190584111592, 0.017956000531140836, 0.28451591115612584, 0.08655685828116319, 0.036906240258324105, 0.03594069005382911, 0.0721197175276599, 0.0, 0.30108346500093414, 0.0, 0.005719933855779799, 0.3277279992769149, 8.281875180454843E-4, 0.0, 0.0014875297688032002, 0.0, 0.06831269199469811, 0.2944642596579544, 0.08238351659150048, 0.08403322420347989, 0.2213718555707812, 0.09144309110661654, 0.016277012863436954, 0.001650719862683666, 0.006169036332356874, 0.0, 0.7402898077833832, 0.0, 0.0, 0.06971502493625273, 0.0, 0.0, 0.0, 0.017300636269418513, 0.3063544426593961, 0.07454155537838297, 0.0, 0.00539700964518701, 0.0, 0.7592068431621378, 0.011707694902547739, 0.020291293786023866, 0.0, 0.04422368583422004, 0.06810716308569108, 0.07623050071645628, 0.003632978391140597, 0.06937080751506385, 0.006900563758473108, 0.27970437111460794, 0.3339383976929231, 0.12108709370643995, 0.07183356226332893, 0.3123194365487148, 0.006980107592035908, 0.3155898089226109, 0.009832488776411429, 0.09463739617298056, 0.07484458815697909, 0.07715855150251538, 0.0, 0.146334917334539, 0.3420162435027421, 0.2649007642541296, 0.0, 0.2081065268635543, 0.17408097361072436, 0.07850959811727494, 0.02097597916798547, 0.022738441781381458, 0.12272867478176513, 0.09121111805613957, 0.03472766981653154, 0.17659768336971343, 0.0043945119988577355, 0.09923554487919282, 0.1020165389129684, 0.017599622462606258, 0.04739014080094507, 0.0, 0.10164307583777857, 0.12215547298161217, 0.03448689125876516, 0.20335199481200564, 0.0698627767027343, 0.0, 0.03308263756991323, 0.0, 0.00405194122532573, 0.017578447375179943, 0.0, 0.007069493412573962, 0.03787601564511405, 0.023713588805407863, 0.043682705886105434, 0.07516725037954212, 0.0, 0.0472407606094115, 5.472102762354581E-4, 0.29896170346379664, 0.08135064663505889, 0.17382453171805629, 0.0824959262440709, 0.09311928317038043, 0.15121824894119407, 0.06594609975251552, 0.145930596214582, 0.0, 0.04723053761583545, 0.07398669321893753, 0.04552311462865376, 0.0, 0.14357637499718734, 0.07760580065891684, 0.007703351162343185, 0.1574153142341253, 0.019627674624360048, 0.01566365524075524, 0.0778859303571307, 0.0, 0.030370877419446864, 0.07673079605865094, 0.06300277165071087, 0.0, 0.0, 0.03735819943217528, 0.0, 0.009548095048672331, 0.00941100450838644, 0.09454926608238605, 0.1053966467239193, 0.0, 0.5590743009315956, 0.0, 0.048717857355064904, 0.06129995637522909, 0.006569221021762847, 0.005893594402492751, 0.0, 0.03728213097033271, 0.030286660622684054, 0.006355480157546794, 0.0, 0.04414912210081609, 0.018650497399258777, 8.560531554758441E-4, 0.0, 0.08932870394672757, 0.17010461268998303, 0.4627933092029858, 0.022084845165614705, 0.0, 0.05276650452291827, 0.0, 0.1572956511390334, 0.03968554910123657, 0.07695066723756219, 0.0, 0.0481408910311877, 0.0, 0.009887292693131211, 0.2880650118684883, 0.09548953526329039, 0.00760390525818276, 0.0905651382375123, 0.08101276444618934, 0.037125616031334505, 0.05145104979062409, 0.06903055762608507, 0.013849934420032158, 0.0432806189938173, 0.03586943303757972, 0.05339449293420421, 0.27898871168537814, 0.01169300302246427, 0.016564540540781582, 0.035729635871252156, 0.010638527316153178, 0.055455863807973696, 0.061324815771963775, 0.0, 0.049938527551825436, 1.0, 0.015973244380034196, 0.019717528341613267
0.14986104240197362, 0.05451256540482788, 0.3758438257765188, 0.18138757249505777, 0.14176461113293692, 0.20349925324594176, 0.15771892381891453, 0.0836285148767056, 0.0909385752673742, 0.16481424922340887, 0.0, 0.13123623570030918, 0.002186667410742426, 0.2116722417274016, 0.04535733562197279, 0.4338755246700628, 0.0, 0.529599277460525, 0.0, 0.0, 0.0, 0.07441789781635325, 0.0, 0.0, 0.013601197762860154, 0.0, 0.0, 0.0038930296346823532, 0.0, 0.03804033746074635, 0.0, 0.0, 0.0, 0.0, 0.47904347536190534, 0.007062900253992029, 0.0, 6.606812905256081E-4, 0.00445788035556712, 0.015786252984234674, 0.3951594089196445, 0.08824743602369638, 0.0615365931630756, 0.03268272425561681, 0.06706512068281333, 0.0, 0.3986953815419796, 0.0, 0.005615759731462003, 0.3376054632917239, 0.005819588223755347, 0.001228475458212091, 0.004144591023280709, 0.0, 0.05893335872482168, 0.31522158155740243, 0.09838412196342643, 0.11292806935842964, 0.2337165589899328, 0.0912197641517051, 0.015260618035318817, 0.009802958820025685, 0.0018962198171694497, 0.0, 0.7614765033033984, 0.0, 0.0, 0.06611402583827027, 0.0, 0.0, 0.0, 0.007852347687830535, 0.44427435857642, 0.08067721184372705, 0.0, 0.004123708257926762, 0.0, 0.7623509336820139, 0.007750699335290641, 0.01253233199536066, 0.0, 0.042352230797597736, 0.06220623869977616, 0.08190425754239541, 0.003672497847144271, 0.06688472375580154, 0.0, 0.33343229762689175, 0.35184734815324353, 0.12859935007340773, 0.06662886517946849, 0.3212260336333996, 0.009352080484269061, 0.3280671196301977, 0.008221268594741614, 0.13438153924975643, 0.16400361341209269, 0.07710282447938281, 0.0, 0.18276283624333448, 0.3943147068803097, 0.34885628119372064, 0.0, 0.20924362429791435, 0.2329498767265591, 0.07103098420394793, 0.02021793766567359, 0.023671448343071166, 0.11550118825196122, 0.09335533474021017, 0.037276971647402755, 0.23344685702423404, 0.002289288398836329, 0.12222455014521819, 0.12117959697887593, 0.028509436766992847, 0.06317627546416824, 0.0, 0.09508958970327076, 0.14065905509137636, 0.040210423329109, 0.22444558542715476, 0.0751004477647234, 0.0, 0.031050627252818565, 0.0, 0.005098023896704346, 0.040318501459067305, 0.0, 0.00599718378462116, 0.04000251189160916, 0.034152548396898276, 0.07795786849062879, 0.06251082862722686, 0.0, 0.06233421542824694, 0.004821669982510501, 0.29320438132655635, 0.09405509131405364, 0.1721951127786916, 0.07900439482305102, 0.1147470850161558, 0.16661196433613498, 0.0575514530427463, 0.16014867161427981, 0.0, 0.039907423530179974, 0.12339842982710783, 0.055214571179001214, 0.0, 0.1606428820588039, 0.0776600432071952, 0.006509399245382796, 0.17031784282681953, 0.03636258621357999, 0.027901178763631938, 0.07869135324866444, 0.0, 0.029127104189183687, 0.08384104251550026, 0.06543772799463539, 0.0018575575842020248, 0.0, 0.034724869162935115, 0.0, 0.008573101932254407, 0.0010820693909776853, 0.08761741030118038, 0.09539986605263606, 0.0, 0.5943067080551686, 0.0, 0.06047266111375325, 0.0936431094702593, 0.005929687203292947, 0.004297627775258146, 0.0, 0.03899487547217163, 0.04401817649222963, 0.0, 0.0, 0.04032597961037014, 0.02630539930273787, 0.0, 0.0, 0.08263428619534757, 0.1689822646251941, 0.47130979233496817, 0.026619929517323282, 0.0, 0.04858951789432265, 0.0, 0.17800879596056698, 0.042751939869185365, 0.08169856100974693, 0.0, 0.04143111009361581, 0.0, 0.013300652468557467, 0.29758737855203615, 0.10632596964808415, 0.006418992642434112, 0.11865487285633695, 0.10010400709969991, 0.037271006565050065, 0.06176795882237796, 0.08402156776241744, 0.03603566385062782, 0.034616088328736104, 0.06986164763436749, 0.038883567596389876, 0.35613980685778374, 0.02884342696548744, 0.03771810023880908, 0.03661253432985927, 0.0072391152559534416, 0.04885258021374251, 0.05916916667610817, 0.005814734943488545, 0.043539340542198324, 1.0, 0.0039365710899956, 0.01656128105813184
0.1617398432686666, 0.1000799562274817, 0.41999221076764265, 0.2006816380296685, 0.13501528877457736, 0.2290697939615751, 0.20221113253816447, 0.11675862708770664, 0.086460652438806, 0.19873121838340932, 0.0, 0.17894794589216542, 0.0, 0.23828437089798674, 0.052015722400213876, 0.434081676380438, 8.282693305024524E-4, 0.520539376568712, 0.0, 0.003962808910965149, 0.0, 0.05911757095370263, 0.0, 0.0, 0.014217922335784672, 0.0, 0.0, 0.0, 0.0, 0.02898433912161955, 0.0, 0.0, 9.198651523163882E-4, 0.0, 0.4520657676914375, 0.0, 0.0, 0.0, 0.006226453253140069, 0.014103968659208245, 0.35667236618969334, 0.08711146228568732, 0.08734853982987212, 0.036844305646858214, 0.05373851797051644, 0.0, 0.3675081745227703, 0.0, 3.712888890750512E-4, 0.40250242256862306, 0.0, 0.003310659342755969, 0.001810864750603129, 0.0, 0.051351503006648334, 0.2890526496388153, 0.08574831935204832, 0.14747213101203352, 0.2341844040225941, 0.09037276537843647, 0.005668110210046957, 0.00860911608709857, 0.00307347844300293, 0.0, 0.7437861644818352, 0.0, 0.0, 0.059266577810580486, 0.0, 0.0, 0.0, 0.004897777626593854, 0.5151685448595507, 0.06287698266315181, 0.0, 3.2127119328549604E-4, 0.0013932528783878123, 0.7433848235106089, 0.003878781471246718, 0.019223754850699066, 0.0, 0.037361225686108356, 0.06254332152276643, 0.08406797166855128, 0.0, 0.05828268665560979, 0.006455171202611484, 0.35015702226918033, 0.3323729681356806, 0.11155754015322954, 0.06833128748224364, 0.3340477365873224, 0.007781470810314555, 0.31331401302643447, 0.013519637291327649, 0.21533599908212686, 0.18140670842754575, 0.07772041656031312, 0.0, 0.16254870684305603, 0.35567496990652103, 0.32251717008016845, 0.0, 0.19052397135936042, 0.23313603602598776, 0.06183000316624167, 0.013578922192371222, 0.014881435192309098, 0.09350359392375708, 0.07969304890176873, 0.02811408778082597, 0.25281526674299404, 0.0, 0.1086848179404996, 0.1275356297682163, 0.03418848490396774, 0.05059677890720937, 0.0, 0.08220634338956473, 0.1439369029165186, 0.03001602018597289, 0.23018957617941832, 0.07249762377068371, 0.0, 0.02520780738611557, 0.0, 0.004295249894401889, 0.0328594144639513, 0.0, 0.001979047002054585, 0.04379701727564412, 0.04435061184587553, 0.09811645761451536, 0.06284408516289876, 0.0, 0.05272715398589075, 0.0014669522948917468, 0.30401119885702227, 0.07856830686513283, 0.19190497138397447, 0.08592575653746284, 0.11631803671631638, 0.17710101642477014, 0.049924151149003726, 0.1423957897781747, 0.0, 0.042988772177228136, 0.11659530809810512, 0.04718463551521245, 0.0, 0.13782938702490652, 0.08377821381618156, 0.009614973078701029, 0.1740407599692938, 0.028480311102064962, 0.0408647792329032, 0.06786222699186184, 0.0019235239772914642, 0.02768893729341614, 0.11759298862759936, 0.053833406623952536, 0.0, 0.0, 0.028433674535070258, 0.0, 0.004976125956111363, 0.004743428802392797, 0.08707449630595154, 0.09643441297701713, 0.0, 0.5800223332200485, 0.0, 0.04960807364694493, 0.09377647846654762, 0.0056576568395397325, 0.011978722380852716, 0.0, 0.04215856287670125, 0.04003670031958952, 0.0037222269748498375, 0.0, 0.043261302219062915, 0.021670726864880637, 0.0, 0.0, 0.0657564796484636, 0.20303340260645106, 0.4644023419411829, 0.016314796840813835, 0.0, 0.04295882197558121, 0.0, 0.18779889388593166, 0.03267420244719296, 0.07161488470719904, 0.0015618688451552966, 0.051526548120276176, 0.0, 0.020594756171601204, 0.2801993384586743, 0.10000530421198095, 0.004643835750869722, 0.11493478136203608, 0.11907434036204959, 0.041541864951649174, 0.0543118194527058, 0.07467557541294814, 0.026938325012685435, 0.03111847772871163, 0.1042761085104989, 0.04187263293745043, 0.3365777225128938, 0.02815712896942072, 0.02835196943847927, 0.032372324600170574, 0.0064824494794938695, 0.047039813428730815, 0.05151239607090304, 0.0030313640894214055, 0.03851843727823475, 1.0, 0.008049042388035796, 0.017445815444160136
0.24133617424216885, 0.14761295563199203, 0.43991798638058993, 0.23486694246198084, 0.16099908503510466, 0.3086476748074805, 0.3023912518099479, 0.1542466554869411, 0.12341457972829722, 0.2581019519672015, 0.0, 0.22120697039169313, 0.0, 0.26708047019110487, 0.04337536577682393, 0.4787372756480763, 0.0, 0.4964480968662725, 0.0, 0.008128352458048882, 0.0, 0.05305466659462638, 0.0, 0.0, 0.01984669870359823, 0.0, 0.0, 0.0, 0.0, 0.03617429845055812, 0.0, 0.0, 0.0, 0.0, 0.44375837164645515, 0.0, 0.0, 0.0, 0.004081726310651922, 0.02133199404228451, 0.38834659394143994, 0.07632368583820429, 0.09544463007863264, 0.04500584128771411, 0.0653563112220768, 0.0, 0.36064302278370886, 0.0, 0.0, 0.39040138105551153, 0.0033585279740487193, 0.001712084033010767, 4.111499451969331E-4, 0.0, 0.04935387778711947, 0.2752464813071777, 0.09305442572836184, 0.14331048922210748, 0.21792727884621502, 0.0798590850131374, 0.005557906873113312, 0.006477375194705782, 0.002499720490322962, 0.0, 0.7331273812345862, 0.0, 0.0, 0.06555076825421786, 0.0, 0.0, 0.0, 0.012958516003630162, 0.5597441123558488, 0.06832361889292889, 0.0, 0.0030213624316439867, 0.0, 0.711194669802189, 0.005385977689470177, 0.012376771299168915, 0.0, 0.03856007557664555, 0.06700658352092981, 0.0986292634660619, 0.0037740163600839738, 0.04806853969687059, 0.004598032232016428, 0.37671696609020616, 0.3302206969341811, 0.12013893992479219, 0.060088927459652795, 0.3302511284518732, 0.009912237675295565, 0.30712869609983623, 0.007826589986903026, 0.2652673045722885, 0.24787620719939457, 0.07122762677735095, 0.0, 0.17240926466915701, 0.325765898298457, 0.3328661095681035, 0.0, 0.17264045240345946, 0.21150901751637108, 0.06514068648210586, 0.020304819017262443, 0.019338539718154756, 0.09127856441494646, 0.06971134689537159, 0.03547288395311333, 0.29627831083108047, 0.0, 0.09576448661675876, 0.12244232629730703, 0.03831968457327513, 0.05362201172547025, 0.0, 0.07783851804553987, 0.14219544685359603, 0.023914866196533918, 0.21797883659690587, 0.08118815783773625, 0.0, 0.02912294691063164, 0.0, 0.002493158420671381, 0.03409829345911753, 0.0, 0.0, 0.05231534794040712, 0.04343147231851493, 0.09591456537445965, 0.052667025962980535, 0.0, 0.054608090787703234, 5.138884736342661E-4, 0.3243316488891462, 0.06926845978677013, 0.17790760266991987, 0.07936682785424688, 0.10809116296578784, 0.18211177378111398, 0.04907085843779903, 0.13754749687418746, 0.0, 0.03695207973046135, 0.20090511373276498, 0.04140769657381513, 0.0, 0.14586009506376807, 0.07390105055477107, 0.01066107637633063, 0.20069863580349476, 0.037808834352516404, 0.03291295388803014, 0.07166604179571567, 0.0, 0.033909262807668684, 0.12192538471455595, 0.058183336357427194, 0.0, 0.0018783453070696256, 0.034239982997236955, 0.0, 0.0017466806239634226, 0.0025425464188698634, 0.08189891619299726, 0.10166060100076162, 0.0, 0.5809709107935901, 0.0, 0.04138795379896786, 0.09863312129035672, 0.0056448288211113995, 0.007233274380262904, 0.0, 0.0423172114763065, 0.035343683475054455, 0.0015226349422620435, 0.0, 0.03452930170304095, 0.019176762471852144, 0.0, 0.0, 0.0621308459872589, 0.20916082478206496, 0.5030995899242028, 0.015433790589445082, 0.0, 0.05208309423527954, 0.0, 0.21320207539385025, 0.030274896131462465, 0.07736166521071947, 8.872263461428371E-4, 0.04276099777790721, 0.0, 0.016873687084072716, 0.302450591205792, 0.10025832789716498, 7.966842486810548E-4, 0.12220021205470294, 0.14454028399172494, 0.0436456000404266, 0.05890559463440941, 0.06994356591605522, 0.022524499800699888, 0.03186602207350287, 0.09622603877360236, 0.03284188341114401, 0.35478905480546225, 0.02842512606386334, 0.021796063256119234, 0.02854456862994806, 0.005008972366792264, 0.052805533680548696, 0.061090708564038386, 0.002969288074190232, 0.047178170292162626, 1.0, 0.0, 0.017852926694129776
0.31557729402063783, 0.19595821112688502, 0.4861345145695023, 0.25454140863565294, 0.20382409171041346, 0.4173024316822288, 0.4008176091580934, 0.25624794383852306, 0.20330185703223908, 0.2977342554400984, 0.0, 0.2764803909429206, 0.0, 0.3386834245728482, 0.03816913216906187, 0.5236764227612974, 0.0, 0.4932952151119549, 0.0, 0.01495965951151122, 0.0, 0.05452880185335941, 0.0, 0.0, 0.01832449107378272, 0.0, 0.004661409067237138, 0.0, 0.0, 0.034869667444044, 0.0, 0.0, 0.0, 0.0, 0.47038060241591095, 0.0016991930873766733, 0.0, 0.0, 0.008394079239493164, 0.020031660531429855, 0.4045506288357629, 0.07977272833327308, 0.08802268481266046, 0.03912310234785322, 0.058839661021857705, 0.0, 0.3908611797540084, 0.0, 0.0, 0.4116396925285282, 0.0, 0.0, 4.304682147081549E-4, 0.0, 0.0389569272747144, 0.2737305388138901, 0.0943326965628325, 0.1660984377394875, 0.2283338233077973, 0.0953136303503798, 0.013300914722479821, 0.007455386576714347, 0.007958459966041451, 0.0, 0.766596629866761, 0.0, 0.0, 0.058795382110744726, 0.0, 0.0, 0.0, 0.008136244719745764, 0.6120738448836168, 0.060588210576833106, 0.001999270569055669, 0.002344157805392832, 0.0, 0.7433651085380891, 0.00984541700927291, 0.017979455791577646, 0.0, 0.04718533141861314, 0.14307783182632863, 0.0942824678183311, 0.0031021231845393305, 0.04502951764785677, 0.005245969897305765, 0.3885498411145077, 0.3465258157379166, 0.11544816519782307, 0.0618139361894088, 0.3230524599367357, 0.012531144705351108, 0.3107192879788937, 0.01124419943005164, 0.27473093135765214, 0.29268851028651577, 0.07968507699834868, 0.0, 0.21304684209122954, 0.32316680691088284, 0.3279658433293627, 0.0, 0.16671375780390524, 0.24609286721417178, 0.059442200686424605, 0.019049654576625646, 0.012584524548181623, 0.0846748339897333, 0.07094230522423237, 0.029182642418571533, 0.32999037035885814, 0.0, 0.0927605048434765, 0.12037317431036165, 0.03243811764009239, 0.04650758696851891, 0.0, 0.0815762551741414, 0.1457986722983647, 0.02795627325051321, 0.21639568051804517, 0.07773462245176538, 0.0, 0.021248747617452924, 0.0, 0.00930893804070946, 0.03818463495348299, 0.0, 0.0, 0.046922723301317186, 0.048679146388130194, 0.13006194137034194, 0.052145492867226195, 0.0, 0.05868377554850184, 0.0, 0.33482606266943454, 0.06589045493231964, 0.17555967326763777, 0.08871927323262102, 0.11836657771261351, 0.20282192245732025, 0.04250717621358622, 0.13442777111270385, 0.0, 0.04356066648315473, 0.24845978441895308, 0.05214264832553492, 0.0, 0.1657463024021488, 0.07741486494870854, 0.010838335102763387, 0.20330516241876, 0.03189852521827407, 0.0296067834586864, 0.0671787709935975, 0.0, 0.03214185762757624, 0.12848378251510295, 0.055176023580343785, 0.0, 0.0024725047096292563, 0.033060132923297285, 0.0, 0.002480694539244721, 0.004085305629613368, 0.09473286684412473, 0.1028100577818635, 0.0, 0.6248668465620805, 0.0, 0.03634707359659489, 0.112092635606194, 0.0069447485774207845, 0.009142306480855816, 6.503322835121148E-4, 0.04637292097506668, 0.04352960136220613, 0.008405492294476328, 0.0, 0.04323890315538591, 0.027917166940495754, 0.0022475543288120693, 0.0, 0.059787899758848004, 0.20410906626000463, 0.5210791178885464, 0.00888691008510164, 0.0, 0.0467131879493586, 0.0, 0.22151535338725134, 0.036034905945988786, 0.0895413539864827, 0.0, 0.03723194763651534, 0.0, 0.01627807212002665, 0.3189413795421365, 0.09947100845209596, 0.0014734355801760903, 0.13601855381599637, 0.14101585019517165, 0.049051489510941376, 0.08226515840099509, 0.07526087010871821, 0.02662159981119162, 0.029860615866371686, 0.09853052388936437, 0.02678159606615948, 0.42581019025188094, 0.023368024532080943, 0.02587662829730141, 0.03649730718982994, 0.012492836756346761, 0.05584162877919791, 0.06403907779138178, 0.0055160274970513625, 0.041070753268202226, 1.0, 0.0, 0.012351621261183388
0.3556287466580684, 0.2532590275067453, 0.5180996324396768, 0.31620575323315564, 0.29871716618934435, 0.48654729255629947, 0.47477275725252166, 0.33953146502462955, 0.285129910468602, 0.3864500469834475, 0.0, 0.31525398418567224, 0.0, 0.409405412760963, 0.031544896969087646, 0.538285773904021, 0.0, 0.5068106235177746, 0.0, 0.011118674334503482, 0.0, 0.05004897430021366, 0.0, 0.0, 0.025103870868836926, 0.0, 0.0017174192272499985, 0.0, 0.0, 0.03840160535813983, 0.0, 0.0, 0.0, 0.0, 0.4591886481162724, 0.0, 0.0, 0.0, 0.010467367712757634, 0.023841030743053365, 0.41642062052793627, 0.07788388515904686, 0.09539606933644042, 0.031307363912707255, 0.05032938988484974, 0.0, 0.3985129434967035, 0.0, 6.745309035441824E-4, 0.4108937407319832, 0.0, 0.0, 0.0025861566555131885, 0.0, 0.02922890398567246, 0.2758445665264717, 0.09949754014457962, 0.1830685443628681, 0.23551122882680067, 0.09074307809772056, 0.00584204017716739, 0.009458246302158824, 0.005905202646218961, 0.0, 0.7593919138494241, 0.0, 0.0, 0.05389942972288347, 0.0, 0.0, 0.0, 0.009172404143212536, 0.6700772523806989, 0.05050262609351222, 0.002459413849558609, 0.005060285768035012, 0.0, 0.7303359484157329, 0.006314789299875714, 0.01516307224732978, 0.0, 0.04073120804614102, 0.19850268238032606, 0.09780523810771584, 0.003385278879245209, 0.04351245604554343, 0.010500055663662168, 0.3947305079352754, 0.3470347239308837, 0.11877828420866515, 0.0547520854649012, 0.3123356545066802, 0.01406265244295468, 0.3144125017922978, 0.008632792944909373, 0.3049804469410731, 0.30048474490106, 0.08429250411142833, 0.0, 0.2694239824954838, 0.32263465658128304, 0.3283818409472881, 5.490555751914812E-5, 0.17092688217637705, 0.2897790724831464, 0.05057117353666922, 0.01904821891426451, 0.007204715398514208, 0.07966903955382498, 0.06529116276294757, 0.02490135152682592, 0.37737957079458334, 0.0, 0.10228958553699521, 0.127656840988337, 0.029047010620151536, 0.039558299799719324, 0.0, 0.08971803830441358, 0.15504098265816804, 0.021297171153586515, 0.2057137327393487, 0.08005070251475929, 0.0, 0.013463656697525405, 0.0, 0.016195679372139303, 0.031861141523447864, 0.0, 0.0, 0.04031059304502142, 0.04342687352671473, 0.12183408653909769, 0.05558323564534146, 0.0, 0.05358986821023504, 7.038250454297802E-4, 0.3424335522452545, 0.05905611445981155, 0.1778448654927901, 0.08465036582129117, 0.11053078970056983, 0.21636354354478263, 0.042740043299066416, 0.12757673750072374, 0.0, 0.053063795340121754, 0.3030280962459586, 0.04458356489902114, 0.0, 0.16018286644674343, 0.07887980996870024, 0.014877150576337646, 0.20991799286381244, 0.03431694071475564, 0.03775339940263758, 0.060615660045766004, 0.0013441930908347768, 0.027844179548669405, 0.15748827743416868, 0.04913286860302304, 0.0, 0.002315706139756924, 0.03127612142348135, 0.0, 0.0015540191885257096, 0.0037889666996258477, 0.09984103352141892, 0.0944588765781986, 0.0, 0.6226346035266145, 0.0, 0.039001294837894676, 0.10608128272246457, 0.005543270363879039, 0.009437505609799699, 9.407906365240705E-4, 0.042493018827974405, 0.03793554567364077, 0.010620745420021218, 0.0, 0.037282791187960226, 0.022295006615005133, 4.457856705764711E-4, 0.0018631031090855933, 0.06306724440136298, 0.21960215546164835, 0.5417017458685939, 0.011329633061559433, 0.0, 0.03764891768506397, 0.0, 0.2261198029709916, 0.031394504878054966, 0.08360795223153104, 0.0, 0.02892409515468639, 0.0, 0.018784996075553936, 0.3186046089856371, 0.0921158243788825, 0.0, 0.12852626143526386, 0.15158380894620332, 0.053080110160275376, 0.07307183825301161, 0.08264352215674779, 0.018964403819027472, 0.0395230684208411, 0.1106290821881532, 0.029964079840803397, 0.4573464191908882, 0.02582999161395985, 0.021285711198295705, 0.02877091503877241, 0.004912940703975746, 0.06407950084788971, 0.08285026539169942, 0.0024503585736036213, 0.045953375137630474, 1.0, 0.0, 0.019112149898724583
0.36382290392758415, 0.3310930728574684, 0.5573185705233226, 0.37007871508384194, 0.3966424393036455, 0.49235715425198867, 0.49491858512830045, 0.40355640861099557, 0.3679360533509527, 0.42864441046020435, 0.0, 0.35375308152827994, 0.0, 0.4400223574321438, 0.03296810207467729, 0.5777836038901809, 0.0, 0.4920365771902073, 0.0, 0.016299779360708817, 0.0, 0.051687650983245924, 0.0, 0.0, 0.021244429840680347, 0.0, 0.0021966098745125604, 0.0, 0.0, 0.03402044673269668, 0.0, 0.0, 0.0, 0.0, 0.4737974415808706, 0.0, 0.0, 0.0, 0.007485379332213837, 0.018411272155811637, 0.43728462539523627, 0.0826956954423525, 0.09040766652665602, 0.0335304500450431, 0.04284952343370237, 0.0, 0.40611539409191266, 0.0, 0.0, 0.4265024280497887, 0.0, 0.0, 0.0, 0.0, 0.03244803661637004, 0.28502164309297057, 0.09374332278622047, 0.18105109975089326, 0.23029785500236752, 0.09788146063078439, 0.0032397917778057474, 0.011389019173393305, 0.002827367130792607, 0.0, 0.7699795807184497, 0.0, 0.0, 0.06372822672655219, 0.0, 0.0, 0.0, 0.00472207534507048, 0.6416256095972915, 0.05910067057487914, 0.0036115990769194353, 0.002653099235845966, 0.0, 0.7435057812390018, 0.005646807267793153, 0.01578430507999788, 0.0, 0.037012225273854345, 0.2685894874575877, 0.09796009983208327, 0.006724638865714912, 0.045128276677953966, 0.006948155942262738, 0.41925415762365736, 0.34845702800430106, 0.11166588677073735, 0.05641197881928054, 0.3220676291182679, 0.010961554199162891, 0.3243806315798617, 0.010011669333201266, 0.34668540538108794, 0.34276854286374775, 0.09281385975661337, 0.0, 0.3070007013243527, 0.3192679544780705, 0.32325397488767615, 0.0, 0.1660052020429575, 0.295267138541399, 0.05696554593213802, 0.020036127883939752, 0.01284901724512755, 0.0854285924854059, 0.06210552080149824, 0.025787468255456913, 0.3984031068388596, 0.0, 0.10021776144254903, 0.1324146953748302, 0.03296998264992069, 0.04127860328674778, 0.0, 0.10248560700945743, 0.14766412851854233, 0.016955283807620805, 0.2140693525396205, 0.08837898239651559, 0.0, 0.015147953849081875, 0.0, 0.012895904068395556, 0.03763947891252322, 0.0, 0.0, 0.04676546541324524, 0.044968741660519077, 0.11732851527708159, 0.049320770688387604, 0.0, 0.06140641240352494, 0.0, 0.36220565924274045, 0.06140023470430008, 0.1865548269702532, 0.08903381799497152, 0.10850084258320779, 0.21789203125785664, 0.03670844699628977, 0.1287471815882883, 0.0, 0.04833463341708416, 0.336878097487632, 0.04436211633076623, 0.0, 0.17013312183711787, 0.08174620643090931, 0.012083041785907201, 0.226376153772135, 0.027708655319632486, 0.03186474498945548, 0.053280715184829776, 0.0035153518107427736, 0.03003644811075258, 0.16234435009679912, 0.053662704808018796, 0.0, 0.0021538550644812776, 0.033988166642618736, 0.0, 5.923407878022307E-4, 0.003325845464672191, 0.09440507241609229, 0.09870606766632188, 0.0, 0.674621175592373, 0.0, 0.03162232148139235, 0.1114718345654623, 0.0023370955858250967, 0.01026835826975532, 0.0, 0.04126765921943495, 0.034906044076722424, 0.01083224550100076, 0.0, 0.04482944736048575, 0.018341772298202722, 0.0017950423918754337, 0.0, 0.05521724266426964, 0.22828071531463592, 0.5368128862138479, 0.006277808513993371, 0.0, 0.046089273630853377, 0.0, 0.23156120538887393, 0.027855895634432748, 0.08612837335967824, 0.0, 0.021760652100655437, 0.0, 0.02198749043174861, 0.3227400526503585, 0.09016667548289134, 7.627051860338988E-4, 0.1425031456049817, 0.1655836832270259, 0.048387498576050895, 0.078571203323108, 0.08630439564350773, 0.023998144422899978, 0.032885681167808455, 0.1166536923531054, 0.023351162932563434, 0.4470964954279444, 0.020257553952281862, 0.02222151014492668, 0.030680076077659314, 0.002082166647104121, 0.058759475105236214, 0.07803177061626444, 0.00471639321162848, 0.03790111428634903, 1.0, 0.0, 0.013739210911735581
0.4177372580121531, 0.3755844174082033, 0.5800697839725455, 0.41239029559209806, 0.4952100424319653, 0.5910098010778011, 0.5603518395530818, 0.46439406276743567, 0.43679280319129643, 0.516720827599903, 0.0, 0.40215061176476175, 0.0, 0.4638788064308523, 0.026627299799337444, 0.5851763444057959, 0.0, 0.4869602949949015, 0.0, 0.013752075493109127, 0.0, 0.04375135605856606, 0.0, 0.0, 0.023525059486849617, 0.0, 0.00246744743448845, 0.0, 0.0, 0.032814418158706005, 0.0, 0.0, 0.0, 0.0, 0.47677236342100715, 0.008635563331564941, 0.0011087092606861394, 5.026151031303668E-4, 0.009478362062697077, 0.024148430400675026, 0.4548056807291889, 0.07601762503360926, 0.09632317991289602, 0.02664255754535678, 0.051105903613690815, 0.0, 0.40938596826027135, 0.0, 0.0, 0.4248089413811476, 0.0, 0.0, 0.0, 0.0, 0.027184356064958604, 0.28216393518163985, 0.09650000611937186, 0.18590743940663104, 0.2381737054402738, 0.09249578673127852, 0.006906316586866603, 0.010104427531463877, 0.009004258193076391, 0.0, 0.7841223241089261, 0.0, 0.0, 0.05652473086627947, 0.0, 0.0, 0.0, 0.009524405377894282, 0.6971231804044701, 0.053881988589582985, 0.004521535017341465, 0.005631716325513265, 0.0, 0.7605995748834703, 0.0030264501574918078, 0.016846704832666034, 0.0, 0.04041813746110637, 0.3438623268572435, 0.09599895199986745, 0.007195732812197026, 0.047543369686241656, 0.008222987892220285, 0.44835826941529444, 0.3675376878177658, 0.10792226805296873, 0.05000685878172354, 0.32071589966055974, 0.01126808925634335, 0.357473028405159, 0.014313137212867767, 0.4172984719806865, 0.38719934195582456, 0.09032392271995084, 0.0, 0.3586506413462363, 0.326826401277451, 0.31791263474493126, 8.24370537252614E-4, 0.16279410782146156, 0.3301882008128138, 0.05037401505668666, 0.016386497862161706, 0.010538933924087206, 0.08073338453967956, 0.057667450562694414, 0.0219819979620482, 0.42394827795809703, 0.0, 0.10940517245079967, 0.14782879775338884, 0.026268997290794256, 0.03507311806895599, 0.0, 0.09875063284493765, 0.15510480450797648, 0.014693264180948832, 0.2131745047325709, 0.0843384299660945, 0.0, 0.009404722461342975, 1.1667513168466562E-4, 0.012807261538491701, 0.02977451790731207, 0.0, 0.0, 0.04062310158284577, 0.042232076721119324, 0.11464649562774104, 0.04477257880864816, 0.0, 0.05632994527399879, 0.004043307251007955, 0.3745878052994067, 0.05631662358359407, 0.1816964749131837, 0.09301847522573321, 0.11717248416613676, 0.2288830568260669, 0.029897311879018583, 0.1231840566588379, 0.0, 0.045725805227079974, 0.3798436126000065, 0.05535580918912026, 0.0, 0.16903707241758364, 0.07869786188464942, 0.012443821957061217, 0.2324195764622587, 0.032235682748392946, 0.028280953865012642, 0.056284337671795866, 0.0021236286960499263, 0.027711500055125713, 0.19800426124883372, 0.05079562257375243, 0.0, 0.0043825762683761555, 0.03171672720070398, 0.0, 0.0016501430397480898, 0.0026383557700488374, 0.0968703452535735, 0.09878461837276324, 0.0, 0.6969979890223555, 0.0, 0.027131737899456325, 0.1039439877835908, 0.0053293704669361746, 0.010418892928659692, 0.0, 0.04699123598481739, 0.0379752741598707, 0.014043085392612429, 0.0, 0.038909707201555496, 0.01769655335017535, 0.007687748673797312, 0.0, 0.054730610990619454, 0.24092992623332438, 0.5793418300445894, 0.002686990752911929, 0.0, 0.04063310046686055, 0.0, 0.2564057515217496, 0.026563104101279916, 0.1058182805379356, 0.0, 0.02382378588073419, 0.0, 0.020737614609486414, 0.35034183440104044, 0.09188382668633421, 3.297580337434994E-4, 0.142095809638523, 0.18181926310615007, 0.049093643723588404, 0.09223914473034611, 0.09205762287807047, 0.019830798601770748, 0.029258710741274955, 0.1288078257767405, 0.026541360318714704, 0.4865156775225006, 0.016915326167672592, 0.01676056174946137, 0.026115602281154615, 0.0, 0.053444055564782794, 0.07785393115574146, 0.005513605727942278, 0.030666466227577873, 1.0, 0.0, 0.010792078794176931
0.4570600989678651, 0.42763279313016606, 0.6126331908979861, 0.46073158470243314, 0.5647333623112781, 0.6752992736319889, 0.5727385792784749, 0.5129222563089393, 0.4724911599679048, 0.5554677156185543, 0.0, 0.46206318052638484, 0.0, 0.4715016366568332, 0.02202069201683027, 0.6108554761956959, 0.0, 0.48570085231686244, 0.0, 0.014563225753426456, 0.0, 0.0424438251608714, 0.0, 0.0, 0.023369851837370656, 0.0, 0.009912948562590142, 0.0, 0.0, 0.0348456877995158, 0.0, 0.0, 0.0, 0.0, 0.46590800596871634, 0.006302512993654924, 0.0, 0.006686451106296079, 0.009743039685177052, 0.018610405609237816, 0.4683683403792241, 0.08057318152361735, 0.08866857140191352, 0.030919855162592047, 0.04276784033452072, 0.0, 0.41750621479995886, 0.0, 0.0021617148229141005, 0.4214068317881504, 0.0, 0.0, 0.0, 0.0, 0.021450654110224253, 0.2774949126244891, 0.08937190798338132, 0.1925926188743228, 0.23525639163576578, 0.09188484307945427, 0.0015440245407268142, 0.014113787831317906, 0.005418801195163292, 0.0, 0.7889872960799927, 0.0, 0.0, 0.054914700617273986, 0.0, 0.0, 0.0, 0.012874790989658998, 0.7187748179300207, 0.04483676468660878, 0.010721003930923097, 0.005016491315774619, 0.0, 0.755046354613155, 0.003813428151564186, 0.020999416853195164, 0.0, 0.036649693459991174, 0.3822359049175491, 0.0930328648778975, 0.007480686484870345, 0.052142806217798675, 0.007968638160328372, 0.46344937967524175, 0.36978599908007953, 0.1008930178033975, 0.04208191744503218, 0.3168349384341901, 0.007159604053984319, 0.35025023070895467, 0.012395500934845285, 0.4298850510113777, 0.4476040825222583, 0.08550551779779775, 0.0, 0.37066375862708545, 0.32515992769059177, 0.302781200780588, 0.004325934636201444, 0.15890046670437272, 0.3442696851979596, 0.04269047305814556, 0.016119051650288797, 0.007841611253646316, 0.07217207034741534, 0.06251711342285671, 0.020960215379220246, 0.44879602868658847, 0.0, 0.10253667962763231, 0.1448032694843369, 0.028078036183972158, 0.028078529563718257, 0.0, 0.09281584978006135, 0.1553567758304103, 0.01623517919820039, 0.20376560116846454, 0.08019562247194724, 0.0, 0.011520635657286088, 0.0, 0.012304543399702463, 0.023018172015393162, 0.0, 0.0, 0.03994123621888895, 0.05131778208437817, 0.12432942062913706, 0.05140421797943732, 0.0, 0.05104707571072962, 0.0010846010956814692, 0.3934856380472791, 0.04822384339470412, 0.19011172627217637, 0.08655405704084093, 0.11086168014123543, 0.23530037146327634, 0.025035907239987606, 0.11754725723591868, 0.0, 0.043752617003386444, 0.44785862968417317, 0.050181488802869184, 0.0, 0.1674512756537736, 0.08442271992529078, 0.012038890019152178, 0.23916190662340617, 0.02639801130063875, 0.023148148275992996, 0.04789971953968763, 0.003004702470452296, 0.024550243021726037, 0.19068195529149168, 0.04977285591029579, 0.0, 0.002976308322640379, 0.03141402034563126, 0.0, 0.0033576914446216207, 0.005692429082240003, 0.09886082406145436, 0.097730060185588, 0.0, 0.731509370782354, 0.0, 0.0307067830367629, 0.10599182269682642, 0.0, 0.013914811316096856, 0.0, 0.04656947906728795, 0.03924891648600497, 0.012947202493125112, 0.0, 0.03422070068364102, 0.01948009445516205, 0.0036610082510112212, 0.0, 0.05719183867613051, 0.24374380640996354, 0.587423581219367, 0.005664649957033621, 0.0, 0.03083076468970335, 0.0, 0.25716177474272295, 0.02785837164456157, 0.09922125619343385, 0.0, 0.015265372352059442, 0.0, 0.0150695703834536, 0.35455586896370417, 0.08970085420222502, 0.001548464807982317, 0.14841586201407478, 0.17939309770465017, 0.04718608514211717, 0.08523055586991415, 0.09700344764428905, 0.01756392012994396, 0.02656366565029059, 0.12200454274046219, 0.02036138465629977, 0.5147452692444786, 0.020217503109993755, 0.01132460135087244, 0.027704136393105153, 0.0, 0.051196984855575944, 0.07615322121445608, 0.003609419150463102, 0.02278148579910238, 1.0, 0.0, 0.009715438582970293
0.5260834554220328, 0.44989603499293496, 0.6081761671640535, 0.5188968761669575, 0.6186284950348545, 0.7655950053485037, 0.619948550654681, 0.5813881665889687, 0.5173862882632125, 0.607277979024094, 0.0, 0.491930131361131, 0.0, 0.5059769391152393, 0.02090601001034516, 0.6469531114037057, 0.0, 0.4770762961963327, 0.0, 0.01763081608687164, 0.0, 0.04545890183785515, 0.0, 0.0, 0.023873846187298563, 0.0, 0.008964604632140065, 0.0, 0.0, 0.0348720187326448, 0.0, 0.0, 0.0, 0.0, 0.4617163502719196, 0.004946777550383244, 0.0, 0.006364511616673694, 0.01583461661330487, 0.014319207346415785, 0.4808062800193385, 0.07399759716594594, 0.08599190796349138, 0.024958352625647235, 0.0370157732543629, 0.0, 0.42654372569341237, 0.0, 0.0, 0.42141105951565316, 0.0, 0.0, 0.0, 0.0, 0.01837396537940701, 0.28737824199319956, 0.08865864363525262, 0.19473151069214492, 0.23863106607444728, 0.08819513615684761, 0.0017189573470304282, 0.016013975950704744, 0.0010634574031060402, 0.0, 0.7941176480603062, 0.0, 0.0, 0.0492523380083209, 0.0, 0.0, 0.0, 0.011019175368645329, 0.7378883912004242, 0.040843077108145366, 0.009346929316193365, 0.006285251207475007, 0.0, 0.761071763253163, 5.040744902411993E-4, 0.01772615506353784, 0.0, 0.04004622972783359, 0.39487923345337994, 0.09713076335741568, 0.004733061147205362, 0.051846784214645995, 0.008785565673209659, 0.4655518155151812, 0.35726967969693335, 0.10133105929640544, 0.038788015402517036, 0.3168546561700489, 0.007600900245903679, 0.36927810562158325, 0.01389374956033593, 0.4943390289504605, 0.4721231910013245, 0.08385163204723621, 0.0, 0.38889293415443643, 0.32011046236319596, 0.32346292523040227, 0.0033791047627067415, 0.15691245478274438, 0.36646016290308775, 0.035902028324462154, 0.012871257100496103, 0.005860630363433704, 0.0678671393685156, 0.056625787423411476, 0.02168070965782615, 0.45334289148402024, 0.0, 0.11255595247805998, 0.15555803055335987, 0.03230544529221135, 0.03183312864405436, 0.0, 0.09825031021025912, 0.16207866524009726, 0.012913709390858763, 0.20002975123588293, 0.08270095839133085, 0.0, 0.008238902087166591, 0.005355846676473515, 0.016426193457900452, 0.02089169803384838, 0.0, 0.0, 0.039492330273948245, 0.04737342910947101, 0.11835668690962628, 0.04826463041712597, 0.0, 0.048320960039803074, 0.0018629840967244054, 0.39761531107181985, 0.04669896643136862, 0.1826815590307773, 0.0789452513938982, 0.10398561197415959, 0.23746050326307364, 0.03176142152163702, 0.11213630602151527, 0.0, 0.03890102127812662, 0.49872430632077885, 0.04575365660987063, 0.0, 0.17763538008505458, 0.0792592324803946, 0.01253687078146429, 0.275745313313236, 0.022062758148686783, 0.029267240536879055, 0.04195345823938892, 0.004983786541322614, 0.025511130961294058, 0.18545494629405748, 0.05047105599431486, 0.0, 0.00496980044312042, 0.03116440812086855, 0.0, 3.34961592305453E-4, 0.003109447150079759, 0.10897478252564392, 0.09890867727651846, 0.0, 0.7402429416133762, 0.0, 0.02475260989917196, 0.11117200236327013, 0.0, 0.012560077160171398, 0.0, 0.04578842570392169, 0.03715000654183208, 0.01230826928990095, 0.0, 0.03164763225583224, 0.018194682543988046, 0.0, 0.0, 0.05146546840314058, 0.24838575809560934, 0.6008734776014116, 0.002653338781982061, 0.0, 0.023224392858389432, 0.0, 0.2682523323195995, 0.026287917797462156, 0.10040635284204406, 0.0, 0.008881933253190545, 0.0, 0.015947728896464685, 0.3620212825262938, 0.08766431333021402, 0.0, 0.1433357310899813, 0.18216324907317807, 0.05261706271807143, 0.08043911821568833, 0.09220143913800762, 0.02759419453487831, 0.026433680456731036, 0.12478902442490394, 0.01744950082649677, 0.5146792215025315, 0.018287000597501584, 0.007519995076319713, 0.02458342022247618, 0.0, 0.05192433250574229, 0.07844197990931132, 0.0046645398974964275, 0.017443088640554397, 1.0, 0.0, 0.007034166594356002
0.5774880972695412, 0.5003145124058551, 0.6362734284238265, 0.5600618544628195, 0.6981597626869751, 0.8151131847887028, 0.6921425340776589, 0.6213379583800348, 0.5814400872989351, 0.6686200442609196, 0.0014792582525368192, 0.5279805851112331, 0.0, 0.5363112884238911, 0.02692788422863174, 0.6899586874734078, 0.0, 0.4779709165357288, 0.0, 0.01449363623448493, 0.0, 0.044837000136884346, 0.0, 0.0, 0.025206144557117574, 0.0, 0.007412770921646981, 0.0, 0.0, 0.033259048077250844, 0.0, 0.0, 0.0, 0.0, 0.4780130169106654, 0.007908788247344787, 8.073320584067827E-4, 0.0037396929846258676, 0.013333070637726537, 0.012940632907817738, 0.4748797456832646, 0.0798493607030052, 0.0930133807008383, 0.01916723007723878, 0.031825154741785225, 0.0, 0.42658633382170147, 0.0, 0.0020297772926612893, 0.4138481936150849, 0.0, 0.0, 0.0, 0.0, 0.023824625919134236, 0.283483228339641, 0.08212323000851934, 0.19784205226086038, 0.23173471857263178, 0.09988099302936786, 0.0, 0.014232531952886627, 0.0, 0.0, 0.7986966880846931, 0.0, 0.0, 0.04789581220815545, 0.0, 0.0, 0.0, 0.017056479105182088, 0.7595674409536919, 0.040801150809581514, 0.008988674254324588, 0.005059464688072723, 0.0, 0.770942187845372, 0.0, 0.016055586082793585, 0.0, 0.03777079869013244, 0.4263365251369287, 0.0932913267410132, 0.0033395419945491008, 0.05850914673538242, 0.006838231562848685, 0.48874335058439156, 0.36312203398715076, 0.10353150337172688, 0.030750266286864253, 0.31887394517959683, 0.009659609471519082, 0.3585947005544761, 0.017576518224704102, 0.5453875051783968, 0.490385034554238, 0.08244738374160271, 0.0, 0.3994258331109575, 0.3268433489946846, 0.3146531241079768, 0.0023003880416149762, 0.15655777777989255, 0.42201700857477437, 0.03300137049276415, 0.011975005625294485, 0.002501348676495345, 0.06771297632185545, 0.059838872431310704, 0.02021159005585322, 0.4913377167600923, 0.0, 0.10612629481514478, 0.1643304672738926, 0.027604427899005406, 0.026403736486326143, 0.0, 0.09250954002986232, 0.1622841680604468, 0.009009126825697485, 0.19291768041645618, 0.08007315189031124, 0.0, 0.008572146492514315, 0.0037556840898410725, 0.014770431263136641, 0.02565475844205545, 0.0, 0.0, 0.037926199607647, 0.04771659008653396, 0.11678989133091051, 0.047559162844173025, 0.0, 0.0540388674612596, 0.0019879783764237715, 0.39779888955876097, 0.04701319278824284, 0.17629363780932536, 0.07745411866901375, 0.10124205971902768, 0.23942584148545898, 0.02856251748909567, 0.11009366489597915, 0.0, 0.035585610148323094, 0.5460825167185822, 0.043075604125511556, 0.0, 0.1740133858013163, 0.07769225537849783, 0.019468815553221035, 0.268373511529626, 0.02685513103692448, 0.025004676636573516, 0.03941707495423905, 0.0023789718441571493, 0.023328688752266583, 0.19850921739469843, 0.05499651086409387, 0.0, 0.005275293554510501, 0.03187980852175481, 0.0, 0.0023702790815877057, 0.002620026628368924, 0.10379593452769058, 0.09405877085280516, 0.0, 0.7624156641902867, 0.0, 0.021120006408043582, 0.10686514852083276, 2.8115944667683876E-4, 0.01425746650199813, 0.0, 0.0474264731036143, 0.0383289077452382, 0.013157344529253262, 0.0, 0.03021351351238387, 0.015266348270569932, 3.7905725545807567E-4, 0.0, 0.06287627809863847, 0.25931320502006416, 0.6006533276674825, 0.006259283473950118, 0.0, 0.01822869703011874, 0.0, 0.2789994860902655, 0.02709538362579422, 0.09597851761464359, 0.0, 0.003384619014537482, 0.0, 0.010333306336137585, 0.3589241513768864, 0.08270336923753147, 0.0, 0.14846107796995225, 0.2073187194836784, 0.0478473910556772, 0.07458239861397556, 0.08692718555070485, 0.02292297942848916, 0.02803293803961942, 0.12171354399005174, 0.015561612455934473, 0.5263281635865619, 0.01697300583544205, 0.008340072121806411, 0.022728780217520502, 0.0, 0.051391795842852674, 0.07566401243129224, 0.0031772608670337997, 0.021559983398037472, 1.0, 0.0, 0.005797490041743149
0.6020034066898108, 0.5438751259092596, 0.6360875964354418, 0.5866948156795184, 0.796223126962484, 0.8808171659714041, 0.7413333523484812, 0.6577665496830323, 0.5881776886662975, 0.7064790903009208, 0.0, 0.5520864406807684, 0.0, 0.5719277394980767, 0.021177758286151874, 0.6769178805686935, 0.0, 0.4588979323343452, 0.0, 0.011240207067246459, 0.0, 0.052027049621886694, 0.0, 0.0, 0.023362048320496744, 0.0, 0.007933946954659779, 0.0, 0.0, 0.03164432383055598, 0.0, 0.0, 0.0, 0.0, 0.4717196859490344, 0.006793773634581005, 0.0, 0.009131714009970142, 0.009952979744553598, 0.011278687268471692, 0.4759160567959363, 0.07145569680588056, 0.0851887388416545, 0.01580475423800258, 0.023556487333013534, 0.0, 0.423285650146764, 0.0, 0.0, 0.40633946280899363, 0.0, 0.0, 0.0, 0.0, 0.01920917122463814, 0.2739996673482954, 0.07963454687526478, 0.19694881396886688, 0.23258990703194513, 0.0914006387569035, 0.0, 0.014785497619225556, 0.0, 0.0, 0.801027760582946, 0.0, 0.0, 0.04414209816497785, 0.0, 0.0, 0.0, 0.015263528823028491, 0.7466046986516895, 0.03817908490626433, 0.010178687412932494, 0.006942822929850341, 0.0, 0.7513598604240788, 0.0, 0.016107949904671605, 0.0, 0.035476912388359656, 0.449765776132029, 0.09366923806953421, 0.007432587808211948, 0.053442750230081076, 0.01196498540052798, 0.4876020828347601, 0.35224163597716096, 0.09732612113906929, 0.02572880008972368, 0.325952037888564, 0.00846624049339918, 0.3520054681601888, 0.015152537404197483, 0.5595908295208315, 0.5194235294882942, 0.0812927463376477, 0.0, 0.43755572928021774, 0.3192890082169848, 0.30496981570311005, 0.005858122092635625, 0.14624378362722323, 0.4438551777386613, 0.0245106475067776, 0.016240753356263803, 0.0034894392871760316, 0.06155435227364161, 0.06049909950642925, 0.022843070069391257, 0.5146624670640423, 0.0, 0.09640849255596062, 0.15789137979565543, 0.02730162202507746, 0.024497705361292425, 0.0, 0.09277549447204632, 0.16134115022991613, 0.005206280363271989, 0.19294989448132122, 0.07540620706191657, 0.0, 0.0037931317295136074, 0.00396708806489291, 0.015302921748644257, 0.02232562378747527, 0.0, 0.0, 0.03760793930273195, 0.0428388680577991, 0.11921322355119697, 0.04679791740534939, 0.0, 0.046328392135851625, 0.0011317495805266012, 0.41122183844777344, 0.041654560605215205, 0.17476481276361172, 0.07964551658614483, 0.09410862629631261, 0.24214275248492212, 0.02400437204691588, 0.1038312810330781, 0.0, 0.038441728361595845, 0.5937077033285915, 0.041713594165989354, 0.0010540880777140718, 0.16986758015475995, 0.07229494185324593, 0.01828206388003224, 0.2627021744519282, 0.02030147764859267, 0.020833415164050968, 0.03688384838927282, 0.0021037879990373426, 0.021555316272784134, 0.1887355427827731, 0.051224194945522064, 0.0, 0.00499423133380716, 0.02925278992178169, 0.0, 6.671760117738434E-4, 0.006778255737670999, 0.10461206807576467, 0.08880188616402956, 0.0, 0.7656390339386092, 0.0, 0.016900156861530753, 0.10663272497136633, 0.0, 0.015894751166144812, 0.0, 0.04458121699571172, 0.037685291187530764, 0.009684106381502026, 0.0, 0.025654689219104094, 0.017654349374412785, 0.0, 0.0, 0.05642772975823993, 0.2563724127267218, 0.608486917155587, 0.004273036138972404, 0.0, 0.010698032064997488, 0.0, 0.27734159881034226, 0.02436003620223302, 0.0909976286793454, 0.0, 5.972904177233155E-4, 0.0, 0.004114533844333749, 0.35709434686297464, 0.07947034000000522, 0.0, 0.13948670653138756, 0.1970160010530711, 0.047487072954560366, 0.070572302291397, 0.083055917241665, 0.0192377885718787, 0.025070472529996786, 0.12456082233419538, 0.019440777369052052, 0.5126893303386124, 0.020657506800457113, 0.0024353734952095264, 0.019686173480051167, 0.0, 0.045122119532449885, 0.06816143406528066, 7.398438793307659E-4, 0.013009630352756617, 1.0, 0.0, 0.0017137855020744413
0.6540689099737236, 0.5972450604002936, 0.6287812701811326, 0.6458471651716259, 0.851637781734841, 0.9506234212422483, 0.8014044736949709, 0.7037511851839432, 0.6471137423946831, 0.7454637013976068, 0.0, 0.576598827494815, 0.0, 0.6136107811018279, 0.017416551950497752, 0.7155400601387906, 0.0, 0.453560958745548, 0.0, 0.0106881248976802, 0.0, 0.04759803307177001, 0.0, 0.0, 0.026998547893865167, 0.0, 0.007520273876706652, 0.0, 0.0, 0.03977873629012022, 0.0, 0.0, 0.0, 0.0, 0.49022130002746434, 0.007294510336981259, 0.0, 0.00815910297509943, 0.01089257319982095, 0.01334384106521303, 0.48524290434680173, 0.07433993465283098, 0.08704376404292165, 0.013550966094533644, 0.022790345836959523, 0.0, 0.42740053071756656, 0.0, 0.0, 0.4082096796739123, 0.0, 0.0, 0.0, 0.0, 0.023625230561905006, 0.27786417757075405, 0.08176638871322811, 0.2006319176427031, 0.23015945445594735, 0.09027976510989881, 0.0, 0.012912786032376434, 0.0, 0.0, 0.8009589450241201, 0.0, 0.0, 0.042924652285803354, 0.0, 0.0, 0.0, 0.01442917176348246, 0.7798012918433861, 0.032522845308956876, 0.009287454104134457, 0.006479586236109346, 0.0, 0.7688691929992023, 0.0, 0.01790072494857601, 0.0, 0.040031570788039185, 0.513846244522257, 0.08788561742842796, 0.004802953253771378, 0.052453529074739234, 0.009471912900957787, 0.4948630171741804, 0.35511667449405204, 0.09245723597470719, 0.025251439311169115, 0.32624727288622046, 0.008407127628623017, 0.34407498213980425, 0.015179544897525049, 0.5798465950601042, 0.569682604942941, 0.08165141883949636, 0.0, 0.4458972287229584, 0.32537126646158254, 0.3092718882902394, 0.0048815707226301085, 0.1456627083192993, 0.4785680435176097, 0.027808023229606956, 0.012297330536637983, 0.0030883734203007267, 0.05906976582523511, 0.0552703925460893, 0.01947646856100124, 0.5210572750144311, 0.0, 0.09095563291429112, 0.17185043828514515, 0.029426230036744876, 0.0191383836562637, 0.0, 0.0880475437680779, 0.16331368085544218, 0.00577325481562088, 0.18605854523435952, 0.07086472171043906, 0.0, 0.0057784161430683234, 0.006431906836426361, 0.014662081422601857, 0.024999923699262076, 0.0, 0.0, 0.04206349253362649, 0.04667794149555696, 0.1139690879925595, 0.045243812375641665, 0.0, 0.040928891660171364, 7.2920144138692E-4, 0.41855568713251834, 0.041103283094875286, 0.17266368080977104, 0.07749570144261102, 0.09415256741656737, 0.24804459188854486, 0.02408687817351711, 0.10360821659899377, 0.0, 0.03287020809741287, 0.6559269862927948, 0.046292209479207674, 0.0, 0.17980800442836917, 0.07275692926223695, 0.01683971723041125, 0.2673415482939378, 0.014866469073916495, 0.01715640486001239, 0.037922115706285765, 0.0020630754723835396, 0.019517546104424334, 0.19621590696984964, 0.05023581520346398, 0.0, 0.006368340161343033, 0.02942021901546463, 0.0, 0.0012624304023404309, 0.00397114722298991, 0.10808127123289588, 0.08822469537642316, 0.0, 0.788003058306181, 0.0, 0.01638164530085097, 0.10509795456012133, 0.0, 0.015746638854746354, 0.0, 0.045700045334920794, 0.038594007958258285, 0.007042263937438623, 0.0, 0.02450553225340577, 0.012817445815332543, 0.0, 0.0, 0.050085874638030735, 0.25635214822292496, 0.6104766885017235, 0.002992934042179914, 0.0, 0.010527636788842101, 0.0, 0.29782919862462637, 0.025262207786421707, 0.0944875375726968, 0.0, 0.006472074265922619, 0.0, 0.0, 0.3665912892443437, 0.08495529952015003, 0.0, 0.14353763979000295, 0.1930799248886384, 0.048467760179464074, 0.06904772382844723, 0.08172745974613747, 0.014566415217904258, 0.03643343916554441, 0.12252615106480898, 0.016608485151185744, 0.5467501867185951, 0.017431689816867067, 0.0, 0.02201057096808118, 0.0, 0.04124634638755155, 0.07408119828691086, 0.00351037150120231, 0.006776076529802648, 1.0, 0.0, 0.0
1.0, 1.0, 1.0, 1.0, 1.0, 1.0, 1.0, 1.0, 1.0, 1.0, 0.0, 0.0, 0.0, 0.0, 0.0, 0.0, 0.0, 0.0, 0.0, 0.0, 0.0, 0.0, 0.0, 0.0, 0.0, 0.0, 0.0, 0.0, 0.0, 0.0, 0.0, 0.0, 0.0, 0.0, 0.0, 0.0, 0.0, 0.0, 0.0, 0.0, 0.0, 0.0, 0.0, 0.0, 0.0, 0.0, 0.0, 0.0, 0.0, 0.0, 0.0, 0.0, 0.0, 0.0, 0.0, 0.0, 0.0, 0.0, 0.0, 0.0, 0.0, 0.0, 0.0, 0.0, 0.0, 0.0, 0.0, 0.0, 0.0, 0.0, 0.0, 0.0, 0.0, 0.0, 0.0, 0.0, 0.0, 0.0, 0.0, 0.0, 0.0, 0.0, 0.0, 0.0, 0.0, 0.0, 0.0, 0.0, 0.0, 0.0, 0.0, 0.0, 0.0, 0.0, 0.0, 0.0, 0.0, 0.0, 0.0, 0.0, 0.0, 0.0, 0.0, 0.0, 0.0, 0.0, 0.0, 0.0, 0.0, 0.0, 0.0, 0.0, 0.0, 0.0, 0.0, 0.0, 0.0, 0.0, 0.0, 0.0, 0.0, 0.0, 0.0, 0.0, 0.0, 0.0, 0.0, 0.0, 0.0, 0.0, 0.0, 0.0, 0.0, 0.0, 0.0, 0.0, 0.0, 0.0, 0.0, 0.0, 0.0, 0.0, 0.0, 0.0, 0.0, 0.0, 0.0, 0.0, 0.0, 0.0, 0.0, 0.0, 0.0, 0.0, 0.0, 0.0, 0.0, 0.0, 0.0, 0.0, 0.0, 0.0, 0.0, 0.0, 0.0, 0.0, 0.0, 0.0, 0.0, 0.0, 0.0, 0.0, 0.0, 0.0, 0.0, 0.0, 0.0, 0.0, 0.0, 0.0, 0.0, 0.0, 0.0, 0.0, 0.0, 0.0, 0.0, 0.0, 0.0, 0.0, 0.0, 0.0, 0.0, 0.0, 0.0, 0.0, 0.0, 0.0, 0.0, 0.0, 0.0, 0.0, 0.0, 0.0, 0.0, 0.0, 0.0, 0.0, 0.0, 0.0, 0.0, 0.0, 0.0, 0.0, 0.0, 0.0, 0.0, 0.0, 0.0, 0.0, 0.0, 0.0, 0.0
